grid,geometry,matrix,density_g_cm3,fill_ml,shield_lid,driver,n_points,solid_angle_fraction,note
rho1.00,Маринелли 1 л,ОИСН-16,1.0,1000.0,закрыта,run_grid.py,24,1.0,нижняя плотность для подгонки d_eff
rho1.60,Маринелли 1 л,ОИСН-16,1.6,1000.0,закрыта,run_grid.py,24,1.0,"рабочая кривая, сверялась с .efr ЛСРМ"
water1.00,Маринелли 1 л,вода,1.0,1000.0,закрыта,run_all_grids.py,24,1.0,проверка влияния состава матрицы
denta0.60,Дента 120 мл,ОИСН-16,0.6,120.0,закрыта,run_all_grids.py,24,1.0,
denta1.60,Дента 120 мл,ОИСН-16,1.6,120.0,закрыта,run_all_grids.py,24,1.0,
petri0.60,Петри 60 мл,ОИСН-16,0.6,60.0,закрыта,run_all_grids.py,24,1.0,
petri1.60,Петри 60 мл,ОИСН-16,1.6,60.0,закрыта,run_all_grids.py,24,1.0,
p5cm,"точечный, 5 см",—,,,закрыта,run_all_grids.py,24,0.25,источник внутри полости защиты
p25cm,"точечный, 25 см",—,,,ОТКРЫТА,run_all_grids.py,24,0.0669873,источник над защитой; с закрытой крышкой 50 мм свинца дают почти нулевой счёт
