metric,value
n_events,300000000
n_hits_in_crystal,110440
flux_total_cm2_s,0.0207926
surface_cm2,11309.73355
rate_per_s,58.78969147
t_run_s,5102935.438
cps_total,0.02164244509
shield,0
shield_pb_mm,0
shield_cavity_mm,none

bin_keV,counts,cps
0,42,8.230556806e-06
1,86,1.685304489e-05
2,106,2.077235765e-05
3,78,1.528531978e-05
4,90,1.763690744e-05
5,119,2.331991095e-05
6,111,2.175218584e-05
7,131,2.567149861e-05
8,156,3.057063956e-05
9,110,2.15562202e-05
10,156,3.057063956e-05
11,97,1.900866691e-05
12,171,3.351012414e-05
13,124,2.429973914e-05
14,167,3.272626158e-05
15,118,2.312394531e-05
16,176,3.448995233e-05
17,118,2.312394531e-05
18,222,4.350437169e-05
19,107,2.096832329e-05
20,235,4.605192498e-05
21,123,2.41037735e-05
22,257,5.036316902e-05
23,111,2.175218584e-05
24,307,6.016145094e-05
25,93,1.822480436e-05
26,298,5.839776019e-05
27,100,1.959656382e-05
28,292,5.722196636e-05
29,115,2.25360484e-05
30,315,6.172917604e-05
31,108,2.116428893e-05
32,333,6.525655753e-05
33,127,2.488763605e-05
34,311,6.094531349e-05
35,146,2.861098318e-05
36,367,7.191938923e-05
37,178,3.48818836e-05
38,350,6.858797338e-05
39,187,3.664557435e-05
40,344,6.741217955e-05
41,253,4.957930647e-05
42,380,7.446694253e-05
43,251,4.91873752e-05
44,393,7.701449582e-05
45,368,7.211535487e-05
46,442,8.66168121e-05
47,473,9.269174688e-05
48,400,7.838625529e-05
49,587,0.0001150318296
50,323,6.329690115e-05
51,792,0.0001552047855
52,517,0.000101314235
53,833,0.0001632393766
54,540,0.0001058214446
55,909,0.0001781327651
56,574,0.0001124842763
57,915,0.000179308559
58,607,0.0001189511424
59,1005,0.0001969454664
60,349,6.839200774e-05
61,1471,0.0002882654538
62,307,6.016145094e-05
63,1527,0.0002992395296
64,336,6.584445444e-05
65,1560,0.0003057063956
66,285,5.585020689e-05
67,1482,0.0002904210759
68,292,5.722196636e-05
69,1672,0.0003276545471
70,311,6.094531349e-05
71,1613,0.0003160925745
72,529,0.0001036658226
73,1588,0.0003111934335
74,601,0.0001177753486
75,2235,0.0004379832014
76,749,0.000146778263
77,2685,0.0005261677386
78,432,8.465715571e-05
79,1385,0.0002714124089
80,420,8.230556806e-05
81,1349,0.000264357646
82,444,8.700874337e-05
83,1279,0.0002506400513
84,397,7.779835838e-05
85,1266,0.000248092498
86,477,9.347560943e-05
87,1694,0.0003319657912
88,240,4.703175317e-05
89,1366,0.0002676890618
90,243,4.761965009e-05
91,1499,0.0002937524917
92,203,3.978102456e-05
93,1295,0.0002537755015
94,203,3.978102456e-05
95,1226,0.0002402538725
96,237,4.644385626e-05
97,1294,0.0002535795359
98,232,4.546402807e-05
99,1185,0.0002322192813
100,249,4.879544392e-05
101,1331,0.0002608302645
102,245,4.801158137e-05
103,1226,0.0002402538725
104,674,0.0001320808402
105,811,0.0001589281326
106,631,0.0001236543177
107,791,0.0001550088198
108,605,0.0001185592111
109,707,0.0001385477062
110,567,0.0001111125169
111,567,0.0001111125169
112,576,0.0001128762076
113,635,0.0001244381803
114,492,9.641509401e-05
115,555,0.0001087609292
116,503,9.857071603e-05
117,672,0.0001316889089
118,530,0.0001038617883
119,596,0.0001167955204
120,185,3.625364307e-05
121,872,0.0001708820365
122,192,3.762540254e-05
123,856,0.0001677465863
124,207,4.056488711e-05
125,877,0.0001718618647
126,139,2.723922371e-05
127,1016,0.0001991010884
128,134,2.625939552e-05
129,971,0.0001902826347
130,112,2.194815148e-05
131,918,0.0001798964559
132,116,2.273201403e-05
133,869,0.0001702941396
134,120,2.351587659e-05
135,823,0.0001612797203
136,115,2.25360484e-05
137,777,0.0001522653009
138,136,2.66513268e-05
139,815,0.0001597119952
140,114,2.234008276e-05
141,782,0.0001532451291
142,127,2.488763605e-05
143,778,0.0001524612665
144,180,3.527381488e-05
145,688,0.0001348243591
146,160,3.135450212e-05
147,730,0.0001430549159
148,179,3.507784924e-05
149,740,0.0001450145723
150,169,3.311819286e-05
151,608,0.000119147108
152,163,3.194239903e-05
153,538,0.0001054295134
154,167,3.272626158e-05
155,608,0.000119147108
156,133,2.606342988e-05
157,594,0.0001164035891
158,221,4.330840605e-05
159,450,8.81845372e-05
160,203,3.978102456e-05
161,411,8.054187731e-05
162,244,4.781561573e-05
163,482,9.445543763e-05
164,206,4.036892147e-05
165,381,7.466290816e-05
166,217,4.25245435e-05
167,369,7.231132051e-05
168,209,4.095681839e-05
169,405,7.936608348e-05
170,182,3.566574616e-05
171,318,6.231707296e-05
172,184,3.605767743e-05
173,363,7.113552668e-05
174,200,3.919312765e-05
175,363,7.113552668e-05
176,56,1.097407574e-05
177,412,8.073784295e-05
178,67,1.312969776e-05
179,379,7.427097689e-05
180,60,1.175793829e-05
181,335,6.564848881e-05
182,64,1.254180085e-05
183,377,7.387904561e-05
184,56,1.097407574e-05
185,310,6.074934785e-05
186,67,1.312969776e-05
187,319,6.251303859e-05
188,55,1.07781101e-05
189,267,5.232282541e-05
190,70,1.371759468e-05
191,308,6.035741657e-05
192,52,1.019021319e-05
193,338,6.623638572e-05
194,63,1.234583521e-05
195,253,4.957930647e-05
196,52,1.019021319e-05
197,261,5.114703158e-05
198,59,1.156197266e-05
199,280,5.48703787e-05
200,60,1.175793829e-05
201,313,6.133724477e-05
202,62,1.214986957e-05
203,226,4.428823424e-05
204,57,1.117004138e-05
205,255,4.997123775e-05
206,46,9.014419358e-06
207,225,4.40922686e-05
208,115,2.25360484e-05
209,161,3.155046775e-05
210,117,2.292797967e-05
211,177,3.468591797e-05
212,84,1.646111361e-05
213,153,2.998274265e-05
214,107,2.096832329e-05
215,140,2.743518935e-05
216,85,1.665707925e-05
217,118,2.312394531e-05
218,84,1.646111361e-05
219,145,2.841501754e-05
220,72,1.410952595e-05
221,128,2.508360169e-05
222,66,1.293373212e-05
223,111,2.175218584e-05
224,63,1.234583521e-05
225,125,2.449570478e-05
226,81,1.58732167e-05
227,107,2.096832329e-05
228,76,1.489338851e-05
229,130,2.547553297e-05
230,63,1.234583521e-05
231,89,1.74409418e-05
232,72,1.410952595e-05
233,98,1.920463255e-05
234,70,1.371759468e-05
235,118,2.312394531e-05
236,60,1.175793829e-05
237,112,2.194815148e-05
238,70,1.371759468e-05
239,106,2.077235765e-05
240,154,3.017870829e-05
241,855,0.0001675506207
242,37,7.250728614e-06
243,137,2.684729244e-05
244,36,7.054762976e-06
245,124,2.429973914e-05
246,22,4.311244041e-06
247,140,2.743518935e-05
248,21,4.115278403e-06
249,109,2.136025457e-05
250,11,2.15562202e-06
251,127,2.488763605e-05
252,16,3.135450212e-06
253,89,1.74409418e-05
254,17,3.33141585e-06
255,102,1.99884951e-05
256,16,3.135450212e-06
257,113,2.214411712e-05
258,13,2.547553297e-06
259,147,2.880694882e-05
260,19,3.723347126e-06
261,80,1.567725106e-05
262,26,5.095106594e-06
263,105,2.057639201e-05
264,27,5.291072232e-06
265,103,2.018446074e-05
266,31,6.074934785e-06
267,79,1.548128542e-05
268,13,2.547553297e-06
269,61,1.195390393e-05
270,7,1.371759468e-06
271,88,1.724497616e-05
272,14,2.743518935e-06
273,94,1.842076999e-05
274,22,4.311244041e-06
275,100,1.959656382e-05
276,9,1.763690744e-06
277,78,1.528531978e-05
278,14,2.743518935e-06
279,82,1.606918233e-05
280,16,3.135450212e-06
281,59,1.156197266e-05
282,13,2.547553297e-06
283,71,1.391356031e-05
284,13,2.547553297e-06
285,78,1.528531978e-05
286,17,3.33141585e-06
287,103,2.018446074e-05
288,16,3.135450212e-06
289,75,1.469742287e-05
290,19,3.723347126e-06
291,70,1.371759468e-05
292,20,3.919312765e-06
293,52,1.019021319e-05
294,305,5.976951966e-05
295,1333,0.0002612221958
296,13,2.547553297e-06
297,40,7.838625529e-06
298,15,2.939484573e-06
299,39,7.642659891e-06
300,14,2.743518935e-06
301,48,9.406350635e-06
302,12,2.351587659e-06
303,45,8.81845372e-06
304,12,2.351587659e-06
305,38,7.446694253e-06
306,16,3.135450212e-06
307,56,1.097407574e-05
308,19,3.723347126e-06
309,44,8.622488082e-06
310,11,2.15562202e-06
311,32,6.270900423e-06
312,10,1.959656382e-06
313,33,6.466866061e-06
314,22,4.311244041e-06
315,58,1.136600702e-05
316,9,1.763690744e-06
317,31,6.074934785e-06
318,14,2.743518935e-06
319,29,5.683003509e-06
320,30,5.878969147e-06
321,34,6.6628317e-06
322,22,4.311244041e-06
323,31,6.074934785e-06
324,14,2.743518935e-06
325,22,4.311244041e-06
326,9,1.763690744e-06
327,30,5.878969147e-06
328,14,2.743518935e-06
329,38,7.446694253e-06
330,8,1.567725106e-06
331,33,6.466866061e-06
332,8,1.567725106e-06
333,24,4.703175317e-06
334,12,2.351587659e-06
335,13,2.547553297e-06
336,10,1.959656382e-06
337,30,5.878969147e-06
338,13,2.547553297e-06
339,20,3.919312765e-06
340,8,1.567725106e-06
341,16,3.135450212e-06
342,13,2.547553297e-06
343,35,6.858797338e-06
344,9,1.763690744e-06
345,18,3.527381488e-06
346,4,7.838625529e-07
347,20,3.919312765e-06
348,8,1.567725106e-06
349,29,5.683003509e-06
350,600,0.0001175793829
351,1815,0.0003556776334
352,1,1.959656382e-07
353,0,0
354,1,1.959656382e-07
355,4,7.838625529e-07
356,1,1.959656382e-07
357,1,1.959656382e-07
358,0,0
359,2,3.919312765e-07
360,1,1.959656382e-07
361,1,1.959656382e-07
362,2,3.919312765e-07
363,2,3.919312765e-07
364,1,1.959656382e-07
365,6,1.175793829e-06
366,2,3.919312765e-07
367,0,0
368,0,0
369,1,1.959656382e-07
370,0,0
371,3,5.878969147e-07
372,0,0
373,1,1.959656382e-07
374,1,1.959656382e-07
375,1,1.959656382e-07
376,2,3.919312765e-07
377,4,7.838625529e-07
378,0,0
379,2,3.919312765e-07
380,2,3.919312765e-07
381,0,0
382,2,3.919312765e-07
383,2,3.919312765e-07
384,0,0
385,6,1.175793829e-06
386,0,0
387,0,0
388,3,5.878969147e-07
389,2,3.919312765e-07
390,0,0
391,1,1.959656382e-07
392,1,1.959656382e-07
393,1,1.959656382e-07
394,1,1.959656382e-07
395,1,1.959656382e-07
396,2,3.919312765e-07
397,1,1.959656382e-07
398,2,3.919312765e-07
399,1,1.959656382e-07
400,1,1.959656382e-07
401,2,3.919312765e-07
402,0,0
403,1,1.959656382e-07
404,0,0
405,0,0
406,2,3.919312765e-07
407,1,1.959656382e-07
408,1,1.959656382e-07
409,2,3.919312765e-07
410,1,1.959656382e-07
411,2,3.919312765e-07
412,1,1.959656382e-07
413,3,5.878969147e-07
414,2,3.919312765e-07
415,1,1.959656382e-07
416,0,0
417,0,0
418,1,1.959656382e-07
419,1,1.959656382e-07
420,0,0
421,1,1.959656382e-07
422,1,1.959656382e-07
423,2,3.919312765e-07
424,0,0
425,1,1.959656382e-07
426,0,0
427,1,1.959656382e-07
428,0,0
429,1,1.959656382e-07
430,2,3.919312765e-07
431,0,0
432,0,0
433,0,0
434,3,5.878969147e-07
435,2,3.919312765e-07
436,0,0
437,0,0
438,0,0
439,5,9.798281911e-07
440,0,0
441,0,0
442,1,1.959656382e-07
443,1,1.959656382e-07
444,0,0
445,0,0
446,3,5.878969147e-07
447,0,0
448,2,3.919312765e-07
449,6,1.175793829e-06
450,0,0
451,1,1.959656382e-07
452,2,3.919312765e-07
453,0,0
454,1,1.959656382e-07
455,0,0
456,1,1.959656382e-07
457,0,0
458,0,0
459,2,3.919312765e-07
460,4,7.838625529e-07
461,4,7.838625529e-07
462,2,3.919312765e-07
463,0,0
464,0,0
465,0,0
466,0,0
467,0,0
468,1,1.959656382e-07
469,1,1.959656382e-07
470,0,0
471,1,1.959656382e-07
472,1,1.959656382e-07
473,0,0
474,0,0
475,1,1.959656382e-07
476,0,0
477,0,0
478,1,1.959656382e-07
479,0,0
480,4,7.838625529e-07
481,12,2.351587659e-06
482,0,0
483,1,1.959656382e-07
484,0,0
485,1,1.959656382e-07
486,6,1.175793829e-06
487,17,3.33141585e-06
488,0,0
489,0,0
490,1,1.959656382e-07
491,0,0
492,0,0
493,1,1.959656382e-07
494,2,3.919312765e-07
495,1,1.959656382e-07
496,0,0
497,0,0
498,0,0
499,1,1.959656382e-07
500,0,0
501,1,1.959656382e-07
502,1,1.959656382e-07
503,1,1.959656382e-07
504,0,0
505,0,0
506,1,1.959656382e-07
507,0,0
508,0,0
509,1,1.959656382e-07
510,0,0
511,0,0
512,0,0
513,0,0
514,1,1.959656382e-07
515,0,0
516,0,0
517,2,3.919312765e-07
518,1,1.959656382e-07
519,0,0
520,1,1.959656382e-07
521,0,0
522,0,0
523,0,0
524,0,0
525,1,1.959656382e-07
526,0,0
527,0,0
528,0,0
529,2,3.919312765e-07
530,0,0
531,0,0
532,2,3.919312765e-07
533,8,1.567725106e-06
534,1,1.959656382e-07
535,0,0
536,1,1.959656382e-07
537,0,0
538,0,0
539,0,0
540,1,1.959656382e-07
541,1,1.959656382e-07
542,0,0
543,4,7.838625529e-07
544,0,0
545,1,1.959656382e-07
546,1,1.959656382e-07
547,0,0
548,0,0
549,0,0
550,1,1.959656382e-07
551,0,0
552,1,1.959656382e-07
553,0,0
554,1,1.959656382e-07
555,0,0
556,0,0
557,0,0
558,1,1.959656382e-07
559,0,0
560,0,0
561,0,0
562,0,0
563,0,0
564,0,0
565,1,1.959656382e-07
566,1,1.959656382e-07
567,0,0
568,0,0
569,0,0
570,1,1.959656382e-07
571,1,1.959656382e-07
572,0,0
573,0,0
574,0,0
575,2,3.919312765e-07
576,0,0
577,0,0
578,0,0
579,1,1.959656382e-07
580,2,3.919312765e-07
581,8,1.567725106e-06
582,0,0
583,0,0
584,0,0
585,0,0
586,1,1.959656382e-07
587,0,0
588,0,0
589,0,0
590,1,1.959656382e-07
591,1,1.959656382e-07
592,0,0
593,1,1.959656382e-07
594,0,0
595,0,0
596,0,0
597,0,0
598,0,0
599,0,0
600,2,3.919312765e-07
601,0,0
602,0,0
603,0,0
604,0,0
605,2,3.919312765e-07
606,1,1.959656382e-07
607,0,0
608,0,0
609,0,0
610,0,0
611,1,1.959656382e-07
612,0,0
613,0,0
614,0,0
615,0,0
616,0,0
617,0,0
618,0,0
619,0,0
620,0,0
621,1,1.959656382e-07
622,0,0
623,0,0
624,0,0
625,0,0
626,0,0
627,0,0
628,0,0
629,0,0
630,0,0
631,0,0
632,0,0
633,1,1.959656382e-07
634,0,0
635,0,0
636,0,0
637,0,0
638,0,0
639,0,0
640,0,0
641,0,0
642,0,0
643,0,0
644,0,0
645,0,0
646,0,0
647,0,0
648,0,0
649,0,0
650,0,0
651,0,0
652,1,1.959656382e-07
653,0,0
654,0,0
655,0,0
656,0,0
657,0,0
658,0,0
659,1,1.959656382e-07
660,0,0
661,0,0
662,0,0
663,0,0
664,0,0
665,1,1.959656382e-07
666,0,0
667,0,0
668,0,0
669,0,0
670,1,1.959656382e-07
671,0,0
672,1,1.959656382e-07
673,0,0
674,0,0
675,0,0
676,0,0
677,1,1.959656382e-07
678,0,0
679,0,0
680,0,0
681,0,0
682,0,0
683,0,0
684,1,1.959656382e-07
685,0,0
686,0,0
687,0,0
688,0,0
689,1,1.959656382e-07
690,0,0
691,0,0
692,1,1.959656382e-07
693,0,0
694,0,0
695,1,1.959656382e-07
696,0,0
697,1,1.959656382e-07
698,0,0
699,0,0
700,0,0
701,0,0
702,0,0
703,0,0
704,0,0
705,0,0
706,0,0
707,0,0
708,0,0
709,0,0
710,0,0
711,0,0
712,0,0
713,0,0
714,0,0
715,0,0
716,0,0
717,1,1.959656382e-07
718,0,0
719,0,0
720,0,0
721,0,0
722,0,0
723,0,0
724,0,0
725,0,0
726,0,0
727,0,0
728,0,0
729,0,0
730,0,0
731,0,0
732,0,0
733,0,0
734,0,0
735,0,0
736,0,0
737,0,0
738,0,0
739,0,0
740,0,0
741,0,0
742,0,0
743,0,0
744,0,0
745,0,0
746,0,0
747,0,0
748,0,0
749,0,0
750,0,0
751,0,0
752,0,0
753,1,1.959656382e-07
754,0,0
755,0,0
756,0,0
757,0,0
758,0,0
759,0,0
760,0,0
761,0,0
762,0,0
763,0,0
764,0,0
765,0,0
766,0,0
767,0,0
768,0,0
769,0,0
770,0,0
771,0,0
772,0,0
773,0,0
774,0,0
775,0,0
776,0,0
777,0,0
778,0,0
779,0,0
780,0,0
781,0,0
782,0,0
783,0,0
784,8,1.567725106e-06
785,13,2.547553297e-06
786,0,0
787,0,0
788,0,0
789,0,0
790,0,0
791,0,0
792,0,0
793,0,0
794,0,0
795,0,0
796,0,0
797,0,0
798,0,0
799,0,0
800,0,0
801,0,0
802,0,0
803,0,0
804,0,0
805,1,1.959656382e-07
806,0,0
807,0,0
808,0,0
809,0,0
810,0,0
811,0,0
812,0,0
813,0,0
814,0,0
815,0,0
816,0,0
817,0,0
818,0,0
819,0,0
820,0,0
821,0,0
822,0,0
823,0,0
824,0,0
825,0,0
826,0,0
827,0,0
828,0,0
829,0,0
830,0,0
831,0,0
832,0,0
833,0,0
834,0,0
835,0,0
836,0,0
837,0,0
838,4,7.838625529e-07
839,7,1.371759468e-06
840,0,0
841,0,0
842,0,0
843,0,0
844,0,0
845,0,0
846,0,0
847,0,0
848,0,0
849,0,0
850,0,0
851,0,0
852,0,0
853,0,0
854,0,0
855,0,0
856,0,0
857,0,0
858,0,0
859,0,0
860,0,0
861,0,0
862,0,0
863,0,0
864,0,0
865,0,0
866,0,0
867,0,0
868,0,0
869,0,0
870,0,0
871,0,0
872,0,0
873,0,0
874,0,0
875,0,0
876,0,0
877,0,0
878,0,0
879,0,0
880,0,0
881,0,0
882,0,0
883,0,0
884,0,0
885,0,0
886,0,0
887,0,0
888,0,0
889,0,0
890,0,0
891,0,0
892,0,0
893,0,0
894,0,0
895,0,0
896,0,0
897,0,0
898,0,0
899,0,0
900,0,0
901,0,0
902,0,0
903,0,0
904,0,0
905,0,0
906,0,0
907,0,0
908,0,0
909,0,0
910,0,0
911,0,0
912,0,0
913,0,0
914,0,0
915,0,0
916,0,0
917,0,0
918,0,0
919,0,0
920,0,0
921,0,0
922,0,0
923,0,0
924,0,0
925,0,0
926,0,0
927,0,0
928,0,0
929,0,0
930,0,0
931,0,0
932,0,0
933,0,0
934,0,0
935,0,0
936,0,0
937,0,0
938,0,0
939,0,0
940,0,0
941,0,0
942,0,0
943,0,0
944,0,0
945,0,0
946,0,0
947,0,0
948,0,0
949,0,0
950,0,0
951,0,0
952,0,0
953,0,0
954,0,0
955,0,0
956,0,0
957,0,0
958,0,0
959,0,0
960,0,0
961,0,0
962,0,0
963,0,0
964,0,0
965,0,0
966,0,0
967,0,0
968,0,0
969,0,0
970,0,0
971,0,0
972,0,0
973,0,0
974,0,0
975,0,0
976,0,0
977,0,0
978,0,0
979,0,0
980,0,0
981,0,0
982,0,0
983,0,0
984,0,0
985,0,0
986,0,0
987,0,0
988,0,0
989,0,0
990,0,0
991,0,0
992,0,0
993,0,0
994,0,0
995,0,0
996,0,0
997,0,0
998,0,0
999,0,0
1000,0,0
1001,0,0
1002,0,0
1003,0,0
1004,0,0
1005,0,0
1006,0,0
1007,0,0
1008,0,0
1009,0,0
1010,0,0
1011,0,0
1012,0,0
1013,0,0
1014,0,0
1015,0,0
1016,0,0
1017,0,0
1018,0,0
1019,0,0
1020,0,0
1021,0,0
1022,0,0
1023,0,0
1024,0,0
1025,0,0
1026,0,0
1027,0,0
1028,0,0
1029,0,0
1030,0,0
1031,0,0
1032,0,0
1033,0,0
1034,0,0
1035,0,0
1036,0,0
1037,0,0
1038,0,0
1039,0,0
1040,0,0
1041,0,0
1042,0,0
1043,0,0
1044,0,0
1045,0,0
1046,0,0
1047,0,0
1048,0,0
1049,0,0
1050,0,0
1051,0,0
1052,0,0
1053,0,0
1054,0,0
1055,0,0
1056,0,0
1057,0,0
1058,0,0
1059,0,0
1060,0,0
1061,0,0
1062,0,0
1063,0,0
1064,0,0
1065,0,0
1066,0,0
1067,0,0
1068,0,0
1069,0,0
1070,0,0
1071,0,0
1072,0,0
1073,0,0
1074,0,0
1075,0,0
1076,0,0
1077,0,0
1078,0,0
1079,0,0
1080,0,0
1081,0,0
1082,0,0
1083,0,0
1084,0,0
1085,0,0
1086,0,0
1087,0,0
1088,0,0
1089,0,0
1090,0,0
1091,0,0
1092,0,0
1093,0,0
1094,0,0
1095,0,0
1096,0,0
1097,0,0
1098,0,0
1099,0,0
1100,0,0
1101,0,0
1102,0,0
1103,0,0
1104,0,0
1105,0,0
1106,0,0
1107,0,0
1108,0,0
1109,0,0
1110,0,0
1111,0,0
1112,0,0
1113,0,0
1114,0,0
1115,0,0
1116,0,0
1117,0,0
1118,0,0
1119,0,0
1120,0,0
1121,0,0
1122,0,0
1123,0,0
1124,0,0
1125,0,0
1126,0,0
1127,0,0
1128,0,0
1129,0,0
1130,0,0
1131,0,0
1132,0,0
1133,0,0
1134,0,0
1135,0,0
1136,0,0
1137,0,0
1138,0,0
1139,0,0
1140,0,0
1141,0,0
1142,0,0
1143,0,0
1144,0,0
1145,0,0
1146,0,0
1147,0,0
1148,0,0
1149,0,0
1150,0,0
1151,0,0
1152,0,0
1153,0,0
1154,0,0
1155,0,0
1156,0,0
1157,0,0
1158,0,0
1159,0,0
1160,0,0
1161,0,0
1162,0,0
1163,0,0
1164,0,0
1165,0,0
1166,0,0
1167,0,0
1168,0,0
1169,0,0
1170,0,0
1171,0,0
1172,0,0
1173,0,0
1174,0,0
1175,0,0
1176,0,0
1177,0,0
1178,0,0
1179,0,0
1180,0,0
1181,0,0
1182,0,0
1183,0,0
1184,0,0
1185,0,0
1186,0,0
1187,0,0
1188,0,0
1189,0,0
1190,0,0
1191,0,0
1192,0,0
1193,0,0
1194,0,0
1195,0,0
1196,0,0
1197,0,0
1198,0,0
1199,0,0
1200,0,0
1201,0,0
1202,0,0
1203,0,0
1204,0,0
1205,0,0
1206,0,0
1207,0,0
1208,0,0
1209,0,0
1210,0,0
1211,0,0
1212,0,0
1213,0,0
1214,0,0
1215,0,0
1216,0,0
1217,0,0
1218,0,0
1219,0,0
1220,0,0
1221,0,0
1222,0,0
1223,0,0
1224,0,0
1225,0,0
1226,0,0
1227,0,0
1228,0,0
1229,0,0
1230,0,0
1231,0,0
1232,0,0
1233,0,0
1234,0,0
1235,0,0
1236,0,0
1237,0,0
1238,0,0
1239,0,0
1240,0,0
1241,0,0
1242,0,0
1243,0,0
1244,0,0
1245,0,0
1246,0,0
1247,0,0
1248,0,0
1249,0,0
1250,0,0
1251,0,0
1252,0,0
1253,0,0
1254,0,0
1255,0,0
1256,0,0
1257,0,0
1258,0,0
1259,0,0
1260,0,0
1261,0,0
1262,0,0
1263,0,0
1264,0,0
1265,0,0
1266,0,0
1267,0,0
1268,0,0
1269,0,0
1270,0,0
1271,0,0
1272,0,0
1273,0,0
1274,0,0
1275,0,0
1276,0,0
1277,0,0
1278,0,0
1279,0,0
1280,0,0
1281,0,0
1282,0,0
1283,0,0
1284,0,0
1285,0,0
1286,0,0
1287,0,0
1288,0,0
1289,0,0
1290,0,0
1291,0,0
1292,0,0
1293,0,0
1294,0,0
1295,0,0
1296,0,0
1297,0,0
1298,0,0
1299,0,0
1300,0,0
1301,0,0
1302,0,0
1303,0,0
1304,0,0
1305,0,0
1306,0,0
1307,0,0
1308,0,0
1309,0,0
1310,0,0
1311,0,0
1312,0,0
1313,0,0
1314,0,0
1315,0,0
1316,0,0
1317,0,0
1318,0,0
1319,0,0
1320,0,0
1321,0,0
1322,0,0
1323,0,0
1324,0,0
1325,0,0
1326,0,0
1327,0,0
1328,0,0
1329,0,0
1330,0,0
1331,0,0
1332,0,0
1333,0,0
1334,0,0
1335,0,0
1336,0,0
1337,0,0
1338,0,0
1339,0,0
1340,0,0
1341,0,0
1342,0,0
1343,0,0
1344,0,0
1345,0,0
1346,0,0
1347,0,0
1348,0,0
1349,0,0
1350,0,0
1351,0,0
1352,0,0
1353,0,0
1354,0,0
1355,0,0
1356,0,0
1357,0,0
1358,0,0
1359,0,0
1360,0,0
1361,0,0
1362,0,0
1363,0,0
1364,0,0
1365,0,0
1366,0,0
1367,0,0
1368,0,0
1369,0,0
1370,0,0
1371,0,0
1372,0,0
1373,0,0
1374,0,0
1375,0,0
1376,0,0
1377,0,0
1378,0,0
1379,0,0
1380,0,0
1381,0,0
1382,0,0
1383,0,0
1384,0,0
1385,0,0
1386,0,0
1387,0,0
1388,0,0
1389,0,0
1390,0,0
1391,0,0
1392,0,0
1393,0,0
1394,0,0
1395,0,0
1396,0,0
1397,0,0
1398,0,0
1399,0,0
1400,0,0
1401,0,0
1402,0,0
1403,0,0
1404,0,0
1405,0,0
1406,0,0
1407,0,0
1408,0,0
1409,0,0
1410,0,0
1411,0,0
1412,0,0
1413,0,0
1414,0,0
1415,0,0
1416,0,0
1417,0,0
1418,0,0
1419,0,0
1420,0,0
1421,0,0
1422,0,0
1423,0,0
1424,0,0
1425,0,0
1426,0,0
1427,0,0
1428,0,0
1429,0,0
1430,0,0
1431,0,0
1432,0,0
1433,0,0
1434,0,0
1435,0,0
1436,0,0
1437,0,0
1438,0,0
1439,0,0
1440,0,0
1441,0,0
1442,0,0
1443,0,0
1444,0,0
1445,0,0
1446,0,0
1447,0,0
1448,0,0
1449,0,0
1450,0,0
1451,0,0
1452,0,0
1453,0,0
1454,0,0
1455,0,0
1456,0,0
1457,0,0
1458,0,0
1459,0,0
1460,0,0
1461,0,0
1462,0,0
1463,0,0
1464,0,0
1465,0,0
1466,0,0
1467,0,0
1468,0,0
1469,0,0
1470,0,0
1471,0,0
1472,0,0
1473,0,0
1474,0,0
1475,0,0
1476,0,0
1477,0,0
1478,0,0
1479,0,0
1480,0,0
1481,0,0
1482,0,0
1483,0,0
1484,0,0
1485,0,0
1486,0,0
1487,0,0
1488,0,0
1489,0,0
1490,0,0
1491,0,0
1492,0,0
1493,0,0
1494,0,0
1495,0,0
1496,0,0
1497,0,0
1498,0,0
1499,0,0
1500,0,0
1501,0,0
1502,0,0
1503,0,0
1504,0,0
1505,0,0
1506,0,0
1507,0,0
1508,0,0
1509,0,0
1510,0,0
1511,0,0
1512,0,0
1513,0,0
1514,0,0
1515,0,0
1516,0,0
1517,0,0
1518,0,0
1519,0,0
1520,0,0
1521,0,0
1522,0,0
1523,0,0
1524,0,0
1525,0,0
1526,0,0
1527,0,0
1528,0,0
1529,0,0
1530,0,0
1531,0,0
1532,0,0
1533,0,0
1534,0,0
1535,0,0
1536,0,0
1537,0,0
1538,0,0
1539,0,0
1540,0,0
1541,0,0
1542,0,0
1543,0,0
1544,0,0
1545,0,0
1546,0,0
1547,0,0
1548,0,0
1549,0,0
1550,0,0
1551,0,0
1552,0,0
1553,0,0
1554,0,0
1555,0,0
1556,0,0
1557,0,0
1558,0,0
1559,0,0
1560,0,0
1561,0,0
1562,0,0
1563,0,0
1564,0,0
1565,0,0
1566,0,0
1567,0,0
1568,0,0
1569,0,0
1570,0,0
1571,0,0
1572,0,0
1573,0,0
1574,0,0
1575,0,0
1576,0,0
1577,0,0
1578,0,0
1579,0,0
1580,0,0
1581,0,0
1582,0,0
1583,0,0
1584,0,0
1585,0,0
1586,0,0
1587,0,0
1588,0,0
1589,0,0
1590,0,0
1591,0,0
1592,0,0
1593,0,0
1594,0,0
1595,0,0
1596,0,0
1597,0,0
1598,0,0
1599,0,0
1600,0,0
1601,0,0
1602,0,0
1603,0,0
1604,0,0
1605,0,0
1606,0,0
1607,0,0
1608,0,0
1609,0,0
1610,0,0
1611,0,0
1612,0,0
1613,0,0
1614,0,0
1615,0,0
1616,0,0
1617,0,0
1618,0,0
1619,0,0
1620,0,0
1621,0,0
1622,0,0
1623,0,0
1624,0,0
1625,0,0
1626,0,0
1627,0,0
1628,0,0
1629,0,0
1630,0,0
1631,0,0
1632,0,0
1633,0,0
1634,0,0
1635,0,0
1636,0,0
1637,0,0
1638,0,0
1639,0,0
1640,0,0
1641,0,0
1642,0,0
1643,0,0
1644,0,0
1645,0,0
1646,0,0
1647,0,0
1648,0,0
1649,0,0
1650,0,0
1651,0,0
1652,0,0
1653,0,0
1654,0,0
1655,0,0
1656,0,0
1657,0,0
1658,0,0
1659,0,0
1660,0,0
1661,0,0
1662,0,0
1663,0,0
1664,0,0
1665,0,0
1666,0,0
1667,0,0
1668,0,0
1669,0,0
1670,0,0
1671,0,0
1672,0,0
1673,0,0
1674,0,0
1675,0,0
1676,0,0
1677,0,0
1678,0,0
1679,0,0
1680,0,0
1681,0,0
1682,0,0
1683,0,0
1684,0,0
1685,0,0
1686,0,0
1687,0,0
1688,0,0
1689,0,0
1690,0,0
1691,0,0
1692,0,0
1693,0,0
1694,0,0
1695,0,0
1696,0,0
1697,0,0
1698,0,0
1699,0,0
1700,0,0
1701,0,0
1702,0,0
1703,0,0
1704,0,0
1705,0,0
1706,0,0
1707,0,0
1708,0,0
1709,0,0
1710,0,0
1711,0,0
1712,0,0
1713,0,0
1714,0,0
1715,0,0
1716,0,0
1717,0,0
1718,0,0
1719,0,0
1720,0,0
1721,0,0
1722,0,0
1723,0,0
1724,0,0
1725,0,0
1726,0,0
1727,0,0
1728,0,0
1729,0,0
1730,0,0
1731,0,0
1732,0,0
1733,0,0
1734,0,0
1735,0,0
1736,0,0
1737,0,0
1738,0,0
1739,0,0
1740,0,0
1741,0,0
1742,0,0
1743,0,0
1744,0,0
1745,0,0
1746,0,0
1747,0,0
1748,0,0
1749,0,0
1750,0,0
1751,0,0
1752,0,0
1753,0,0
1754,0,0
1755,0,0
1756,0,0
1757,0,0
1758,0,0
1759,0,0
1760,0,0
1761,0,0
1762,0,0
1763,0,0
1764,0,0
1765,0,0
1766,0,0
1767,0,0
1768,0,0
1769,0,0
1770,0,0
1771,0,0
1772,0,0
1773,0,0
1774,0,0
1775,0,0
1776,0,0
1777,0,0
1778,0,0
1779,0,0
1780,0,0
1781,0,0
1782,0,0
1783,0,0
1784,0,0
1785,0,0
1786,0,0
1787,0,0
1788,0,0
1789,0,0
1790,0,0
1791,0,0
1792,0,0
1793,0,0
1794,0,0
1795,0,0
1796,0,0
1797,0,0
1798,0,0
1799,0,0
1800,0,0
1801,0,0
1802,0,0
1803,0,0
1804,0,0
1805,0,0
1806,0,0
1807,0,0
1808,0,0
1809,0,0
1810,0,0
1811,0,0
1812,0,0
1813,0,0
1814,0,0
1815,0,0
1816,0,0
1817,0,0
1818,0,0
1819,0,0
1820,0,0
1821,0,0
1822,0,0
1823,0,0
1824,0,0
1825,0,0
1826,0,0
1827,0,0
1828,0,0
1829,0,0
1830,0,0
1831,0,0
1832,0,0
1833,0,0
1834,0,0
1835,0,0
1836,0,0
1837,0,0
1838,0,0
1839,0,0
1840,0,0
1841,0,0
1842,0,0
1843,0,0
1844,0,0
1845,0,0
1846,0,0
1847,0,0
1848,0,0
1849,0,0
1850,0,0
1851,0,0
1852,0,0
1853,0,0
1854,0,0
1855,0,0
1856,0,0
1857,0,0
1858,0,0
1859,0,0
1860,0,0
1861,0,0
1862,0,0
1863,0,0
1864,0,0
1865,0,0
1866,0,0
1867,0,0
1868,0,0
1869,0,0
1870,0,0
1871,0,0
1872,0,0
1873,0,0
1874,0,0
1875,0,0
1876,0,0
1877,0,0
1878,0,0
1879,0,0
1880,0,0
1881,0,0
1882,0,0
1883,0,0
1884,0,0
1885,0,0
1886,0,0
1887,0,0
1888,0,0
1889,0,0
1890,0,0
1891,0,0
1892,0,0
1893,0,0
1894,0,0
1895,0,0
1896,0,0
1897,0,0
1898,0,0
1899,0,0
1900,0,0
1901,0,0
1902,0,0
1903,0,0
1904,0,0
1905,0,0
1906,0,0
1907,0,0
1908,0,0
1909,0,0
1910,0,0
1911,0,0
1912,0,0
1913,0,0
1914,0,0
1915,0,0
1916,0,0
1917,0,0
1918,0,0
1919,0,0
1920,0,0
1921,0,0
1922,0,0
1923,0,0
1924,0,0
1925,0,0
1926,0,0
1927,0,0
1928,0,0
1929,0,0
1930,0,0
1931,0,0
1932,0,0
1933,0,0
1934,0,0
1935,0,0
1936,0,0
1937,0,0
1938,0,0
1939,0,0
1940,0,0
1941,0,0
1942,0,0
1943,0,0
1944,0,0
1945,0,0
1946,0,0
1947,0,0
1948,0,0
1949,0,0
1950,0,0
1951,0,0
1952,0,0
1953,0,0
1954,0,0
1955,0,0
1956,0,0
1957,0,0
1958,0,0
1959,0,0
1960,0,0
1961,0,0
1962,0,0
1963,0,0
1964,0,0
1965,0,0
1966,0,0
1967,0,0
1968,0,0
1969,0,0
1970,0,0
1971,0,0
1972,0,0
1973,0,0
1974,0,0
1975,0,0
1976,0,0
1977,0,0
1978,0,0
1979,0,0
1980,0,0
1981,0,0
1982,0,0
1983,0,0
1984,0,0
1985,0,0
1986,0,0
1987,0,0
1988,0,0
1989,0,0
1990,0,0
1991,0,0
1992,0,0
1993,0,0
1994,0,0
1995,0,0
1996,0,0
1997,0,0
1998,0,0
1999,0,0
2000,0,0
2001,0,0
2002,0,0
2003,0,0
2004,0,0
2005,0,0
2006,0,0
2007,0,0
2008,0,0
2009,0,0
2010,0,0
2011,0,0
2012,0,0
2013,0,0
2014,0,0
2015,0,0
2016,0,0
2017,0,0
2018,0,0
2019,0,0
2020,0,0
2021,0,0
2022,0,0
2023,0,0
2024,0,0
2025,0,0
2026,0,0
2027,0,0
2028,0,0
2029,0,0
2030,0,0
2031,0,0
2032,0,0
2033,0,0
2034,0,0
2035,0,0
2036,0,0
2037,0,0
2038,0,0
2039,0,0
2040,0,0
2041,0,0
2042,0,0
2043,0,0
2044,0,0
2045,0,0
2046,0,0
2047,0,0
2048,0,0
2049,0,0
2050,0,0
2051,0,0
2052,0,0
2053,0,0
2054,0,0
2055,0,0
2056,0,0
2057,0,0
2058,0,0
2059,0,0
2060,0,0
2061,0,0
2062,0,0
2063,0,0
2064,0,0
2065,0,0
2066,0,0
2067,0,0
2068,0,0
2069,0,0
2070,0,0
2071,0,0
2072,0,0
2073,0,0
2074,0,0
2075,0,0
2076,0,0
2077,0,0
2078,0,0
2079,0,0
2080,0,0
2081,0,0
2082,0,0
2083,0,0
2084,0,0
2085,0,0
2086,0,0
2087,0,0
2088,0,0
2089,0,0
2090,0,0
2091,0,0
2092,0,0
2093,0,0
2094,0,0
2095,0,0
2096,0,0
2097,0,0
2098,0,0
2099,0,0
2100,0,0
2101,0,0
2102,0,0
2103,0,0
2104,0,0
2105,0,0
2106,0,0
2107,0,0
2108,0,0
2109,0,0
2110,0,0
2111,0,0
2112,0,0
2113,0,0
2114,0,0
2115,0,0
2116,0,0
2117,0,0
2118,0,0
2119,0,0
2120,0,0
2121,0,0
2122,0,0
2123,0,0
2124,0,0
2125,0,0
2126,0,0
2127,0,0
2128,0,0
2129,0,0
2130,0,0
2131,0,0
2132,0,0
2133,0,0
2134,0,0
2135,0,0
2136,0,0
2137,0,0
2138,0,0
2139,0,0
2140,0,0
2141,0,0
2142,0,0
2143,0,0
2144,0,0
2145,0,0
2146,0,0
2147,0,0
2148,0,0
2149,0,0
2150,0,0
2151,0,0
2152,0,0
2153,0,0
2154,0,0
2155,0,0
2156,0,0
2157,0,0
2158,0,0
2159,0,0
2160,0,0
2161,0,0
2162,0,0
2163,0,0
2164,0,0
2165,0,0
2166,0,0
2167,0,0
2168,0,0
2169,0,0
2170,0,0
2171,0,0
2172,0,0
2173,0,0
2174,0,0
2175,0,0
2176,0,0
2177,0,0
2178,0,0
2179,0,0
2180,0,0
2181,0,0
2182,0,0
2183,0,0
2184,0,0
2185,0,0
2186,0,0
2187,0,0
2188,0,0
2189,0,0
2190,0,0
2191,0,0
2192,0,0
2193,0,0
2194,0,0
2195,0,0
2196,0,0
2197,0,0
2198,0,0
2199,0,0
2200,0,0
2201,0,0
2202,0,0
2203,0,0
2204,0,0
2205,0,0
2206,0,0
2207,0,0
2208,0,0
2209,0,0
2210,0,0
2211,0,0
2212,0,0
2213,0,0
2214,0,0
2215,0,0
2216,0,0
2217,0,0
2218,0,0
2219,0,0
2220,0,0
2221,0,0
2222,0,0
2223,0,0
2224,0,0
2225,0,0
2226,0,0
2227,0,0
2228,0,0
2229,0,0
2230,0,0
2231,0,0
2232,0,0
2233,0,0
2234,0,0
2235,0,0
2236,0,0
2237,0,0
2238,0,0
2239,0,0
2240,0,0
2241,0,0
2242,0,0
2243,0,0
2244,0,0
2245,0,0
2246,0,0
2247,0,0
2248,0,0
2249,0,0
2250,0,0
2251,0,0
2252,0,0
2253,0,0
2254,0,0
2255,0,0
2256,0,0
2257,0,0
2258,0,0
2259,0,0
2260,0,0
2261,0,0
2262,0,0
2263,0,0
2264,0,0
2265,0,0
2266,0,0
2267,0,0
2268,0,0
2269,0,0
2270,0,0
2271,0,0
2272,0,0
2273,0,0
2274,0,0
2275,0,0
2276,0,0
2277,0,0
2278,0,0
2279,0,0
2280,0,0
2281,0,0
2282,0,0
2283,0,0
2284,0,0
2285,0,0
2286,0,0
2287,0,0
2288,0,0
2289,0,0
2290,0,0
2291,0,0
2292,0,0
2293,0,0
2294,0,0
2295,0,0
2296,0,0
2297,0,0
2298,0,0
2299,0,0
2300,0,0
2301,0,0
2302,0,0
2303,0,0
2304,0,0
2305,0,0
2306,0,0
2307,0,0
2308,0,0
2309,0,0
2310,0,0
2311,0,0
2312,0,0
2313,0,0
2314,0,0
2315,0,0
2316,0,0
2317,0,0
2318,0,0
2319,0,0
2320,0,0
2321,0,0
2322,0,0
2323,0,0
2324,0,0
2325,0,0
2326,0,0
2327,0,0
2328,0,0
2329,0,0
2330,0,0
2331,0,0
2332,0,0
2333,0,0
2334,0,0
2335,0,0
2336,0,0
2337,0,0
2338,0,0
2339,0,0
2340,0,0
2341,0,0
2342,0,0
2343,0,0
2344,0,0
2345,0,0
2346,0,0
2347,0,0
2348,0,0
2349,0,0
2350,0,0
2351,0,0
2352,0,0
2353,0,0
2354,0,0
2355,0,0
2356,0,0
2357,0,0
2358,0,0
2359,0,0
2360,0,0
2361,0,0
2362,0,0
2363,0,0
2364,0,0
2365,0,0
2366,0,0
2367,0,0
2368,0,0
2369,0,0
2370,0,0
2371,0,0
2372,0,0
2373,0,0
2374,0,0
2375,0,0
2376,0,0
2377,0,0
2378,0,0
2379,0,0
2380,0,0
2381,0,0
2382,0,0
2383,0,0
2384,0,0
2385,0,0
2386,0,0
2387,0,0
2388,0,0
2389,0,0
2390,0,0
2391,0,0
2392,0,0
2393,0,0
2394,0,0
2395,0,0
2396,0,0
2397,0,0
2398,0,0
2399,0,0
2400,0,0
2401,0,0
2402,0,0
2403,0,0
2404,0,0
2405,0,0
2406,0,0
2407,0,0
2408,0,0
2409,0,0
2410,0,0
2411,0,0
2412,0,0
2413,0,0
2414,0,0
2415,0,0
2416,0,0
2417,0,0
2418,0,0
2419,0,0
2420,0,0
2421,0,0
2422,0,0
2423,0,0
2424,0,0
2425,0,0
2426,0,0
2427,0,0
2428,0,0
2429,0,0
2430,0,0
2431,0,0
2432,0,0
2433,0,0
2434,0,0
2435,0,0
2436,0,0
2437,0,0
2438,0,0
2439,0,0
2440,0,0
2441,0,0
2442,0,0
2443,0,0
2444,0,0
2445,0,0
2446,0,0
2447,0,0
2448,0,0
2449,0,0
2450,0,0
2451,0,0
2452,0,0
2453,0,0
2454,0,0
2455,0,0
2456,0,0
2457,0,0
2458,0,0
2459,0,0
2460,0,0
2461,0,0
2462,0,0
2463,0,0
2464,0,0
2465,0,0
2466,0,0
2467,0,0
2468,0,0
2469,0,0
2470,0,0
2471,0,0
2472,0,0
2473,0,0
2474,0,0
2475,0,0
2476,0,0
2477,0,0
2478,0,0
2479,0,0
2480,0,0
2481,0,0
2482,0,0
2483,0,0
2484,0,0
2485,0,0
2486,0,0
2487,0,0
2488,0,0
2489,0,0
2490,0,0
2491,0,0
2492,0,0
2493,0,0
2494,0,0
2495,0,0
2496,0,0
2497,0,0
2498,0,0
2499,0,0
2500,0,0
2501,0,0
2502,0,0
2503,0,0
2504,0,0
2505,0,0
2506,0,0
2507,0,0
2508,0,0
2509,0,0
2510,0,0
2511,0,0
2512,0,0
2513,0,0
2514,0,0
2515,0,0
2516,0,0
2517,0,0
2518,0,0
2519,0,0
2520,0,0
2521,0,0
2522,0,0
2523,0,0
2524,0,0
2525,0,0
2526,0,0
2527,0,0
2528,0,0
2529,0,0
2530,0,0
2531,0,0
2532,0,0
2533,0,0
2534,0,0
2535,0,0
2536,0,0
2537,0,0
2538,0,0
2539,0,0
2540,0,0
2541,0,0
2542,0,0
2543,0,0
2544,0,0
2545,0,0
2546,0,0
2547,0,0
2548,0,0
2549,0,0
2550,0,0
2551,0,0
2552,0,0
2553,0,0
2554,0,0
2555,0,0
2556,0,0
2557,0,0
2558,0,0
2559,0,0
2560,0,0
2561,0,0
2562,0,0
2563,0,0
2564,0,0
2565,0,0
2566,0,0
2567,0,0
2568,0,0
2569,0,0
2570,0,0
2571,0,0
2572,0,0
2573,0,0
2574,0,0
2575,0,0
2576,0,0
2577,0,0
2578,0,0
2579,0,0
2580,0,0
2581,0,0
2582,0,0
2583,0,0
2584,0,0
2585,0,0
2586,0,0
2587,0,0
2588,0,0
2589,0,0
2590,0,0
2591,0,0
2592,0,0
2593,0,0
2594,0,0
2595,0,0
2596,0,0
2597,0,0
2598,0,0
2599,0,0
2600,0,0
2601,0,0
2602,0,0
2603,0,0
2604,0,0
2605,0,0
2606,0,0
2607,0,0
2608,0,0
2609,0,0
2610,0,0
2611,0,0
2612,0,0
2613,0,0
2614,0,0
2615,0,0
2616,0,0
2617,0,0
2618,0,0
2619,0,0
2620,0,0
2621,0,0
2622,0,0
2623,0,0
2624,0,0
2625,0,0
2626,0,0
2627,0,0
2628,0,0
2629,0,0
2630,0,0
2631,0,0
2632,0,0
2633,0,0
2634,0,0
2635,0,0
2636,0,0
2637,0,0
2638,0,0
2639,0,0
2640,0,0
2641,0,0
2642,0,0
2643,0,0
2644,0,0
2645,0,0
2646,0,0
2647,0,0
2648,0,0
2649,0,0
2650,0,0
2651,0,0
2652,0,0
2653,0,0
2654,0,0
2655,0,0
2656,0,0
2657,0,0
2658,0,0
2659,0,0
2660,0,0
2661,0,0
2662,0,0
2663,0,0
2664,0,0
2665,0,0
2666,0,0
2667,0,0
2668,0,0
2669,0,0
2670,0,0
2671,0,0
2672,0,0
2673,0,0
2674,0,0
2675,0,0
2676,0,0
2677,0,0
2678,0,0
2679,0,0
2680,0,0
2681,0,0
2682,0,0
2683,0,0
2684,0,0
2685,0,0
2686,0,0
2687,0,0
2688,0,0
2689,0,0
2690,0,0
2691,0,0
2692,0,0
2693,0,0
2694,0,0
2695,0,0
2696,0,0
2697,0,0
2698,0,0
2699,0,0
2700,0,0
2701,0,0
2702,0,0
2703,0,0
2704,0,0
2705,0,0
2706,0,0
2707,0,0
2708,0,0
2709,0,0
2710,0,0
2711,0,0
2712,0,0
2713,0,0
2714,0,0
2715,0,0
2716,0,0
2717,0,0
2718,0,0
2719,0,0
2720,0,0
2721,0,0
2722,0,0
2723,0,0
2724,0,0
2725,0,0
2726,0,0
2727,0,0
2728,0,0
2729,0,0
2730,0,0
2731,0,0
2732,0,0
2733,0,0
2734,0,0
2735,0,0
2736,0,0
2737,0,0
2738,0,0
2739,0,0
2740,0,0
2741,0,0
2742,0,0
2743,0,0
2744,0,0
2745,0,0
2746,0,0
2747,0,0
2748,0,0
2749,0,0
2750,0,0
2751,0,0
2752,0,0
2753,0,0
2754,0,0
2755,0,0
2756,0,0
2757,0,0
2758,0,0
2759,0,0
2760,0,0
2761,0,0
2762,0,0
2763,0,0
2764,0,0
2765,0,0
2766,0,0
2767,0,0
2768,0,0
2769,0,0
2770,0,0
2771,0,0
2772,0,0
2773,0,0
2774,0,0
2775,0,0
2776,0,0
2777,0,0
2778,0,0
2779,0,0
2780,0,0
2781,0,0
2782,0,0
2783,0,0
2784,0,0
2785,0,0
2786,0,0
2787,0,0
2788,0,0
2789,0,0
2790,0,0
2791,0,0
2792,0,0
2793,0,0
2794,0,0
2795,0,0
2796,0,0
2797,0,0
2798,0,0
2799,0,0
2800,0,0
2801,0,0
2802,0,0
2803,0,0
2804,0,0
2805,0,0
2806,0,0
2807,0,0
2808,0,0
2809,0,0
2810,0,0
2811,0,0
2812,0,0
2813,0,0
2814,0,0
2815,0,0
2816,0,0
2817,0,0
2818,0,0
2819,0,0
2820,0,0
2821,0,0
2822,0,0
2823,0,0
2824,0,0
2825,0,0
2826,0,0
2827,0,0
2828,0,0
2829,0,0
2830,0,0
2831,0,0
2832,0,0
2833,0,0
2834,0,0
2835,0,0
2836,0,0
2837,0,0
2838,0,0
2839,0,0
2840,0,0
2841,0,0
2842,0,0
2843,0,0
2844,0,0
2845,0,0
2846,0,0
2847,0,0
2848,0,0
2849,0,0
2850,0,0
2851,0,0
2852,0,0
2853,0,0
2854,0,0
2855,0,0
2856,0,0
2857,0,0
2858,0,0
2859,0,0
2860,0,0
2861,0,0
2862,0,0
2863,0,0
2864,0,0
2865,0,0
2866,0,0
2867,0,0
2868,0,0
2869,0,0
2870,0,0
2871,0,0
2872,0,0
2873,0,0
2874,0,0
2875,0,0
2876,0,0
2877,0,0
2878,0,0
2879,0,0
2880,0,0
2881,0,0
2882,0,0
2883,0,0
2884,0,0
2885,0,0
2886,0,0
2887,0,0
2888,0,0
2889,0,0
2890,0,0
2891,0,0
2892,0,0
2893,0,0
2894,0,0
2895,0,0
2896,0,0
2897,0,0
2898,0,0
2899,0,0
2900,0,0
2901,0,0
2902,0,0
2903,0,0
2904,0,0
2905,0,0
2906,0,0
2907,0,0
2908,0,0
2909,0,0
2910,0,0
2911,0,0
2912,0,0
2913,0,0
2914,0,0
2915,0,0
2916,0,0
2917,0,0
2918,0,0
2919,0,0
2920,0,0
2921,0,0
2922,0,0
2923,0,0
2924,0,0
2925,0,0
2926,0,0
2927,0,0
2928,0,0
2929,0,0
2930,0,0
2931,0,0
2932,0,0
2933,0,0
2934,0,0
2935,0,0
2936,0,0
2937,0,0
2938,0,0
2939,0,0
2940,0,0
2941,0,0
2942,0,0
2943,0,0
2944,0,0
2945,0,0
2946,0,0
2947,0,0
2948,0,0
2949,0,0
2950,0,0
2951,0,0
2952,0,0
2953,0,0
2954,0,0
2955,0,0
2956,0,0
2957,0,0
2958,0,0
2959,0,0
2960,0,0
2961,0,0
2962,0,0
2963,0,0
2964,0,0
2965,0,0
2966,0,0
2967,0,0
2968,0,0
2969,0,0
2970,0,0
2971,0,0
2972,0,0
2973,0,0
2974,0,0
2975,0,0
2976,0,0
2977,0,0
2978,0,0
2979,0,0
2980,0,0
2981,0,0
2982,0,0
2983,0,0
2984,0,0
2985,0,0
2986,0,0
2987,0,0
2988,0,0
2989,0,0
2990,0,0
2991,0,0
2992,0,0
2993,0,0
2994,0,0
2995,0,0
2996,0,0
2997,0,0
2998,0,0
2999,0,0
