config,matrix,rho_gcm3,E_keV,eps_p,d_eps_p,eps_t,d_eps_t,f_abs
full_air_0.00,air,0.0012,30.0,1.217000e-02,7.80e-05,1.229850e-02,7.84e-05,1.0000
full_air_0.00,air,0.0012,46.5,1.062950e-02,7.29e-05,1.164800e-02,7.63e-05,1.0000
full_air_0.00,air,0.0012,59.5,1.145500e-02,7.57e-05,1.512500e-02,8.70e-05,1.0000
full_air_0.00,air,0.0012,80.0,1.187600e-02,7.71e-05,1.514050e-02,8.70e-05,1.0000
full_air_0.00,air,0.0012,92.6,1.173500e-02,7.66e-05,1.472200e-02,8.58e-05,1.0000
full_air_0.00,air,0.0012,122.0,1.092650e-02,7.39e-05,1.352500e-02,8.22e-05,1.0000
full_air_0.00,air,0.0012,186.0,7.764500e-03,6.23e-05,1.015750e-02,7.13e-05,1.0000
full_air_0.00,air,0.0012,238.6,5.133500e-03,5.07e-05,7.577500e-03,6.16e-05,1.0000
full_air_0.00,air,0.0012,295.2,3.519500e-03,4.19e-05,6.019500e-03,5.49e-05,1.0000
full_air_0.00,air,0.0012,351.9,2.536000e-03,3.56e-05,5.228500e-03,5.11e-05,1.0000
full_air_0.00,air,0.0012,477.0,1.377500e-03,2.62e-05,4.016000e-03,4.48e-05,1.0000
full_air_0.00,air,0.0012,583.2,8.710000e-04,2.09e-05,3.446000e-03,4.15e-05,1.0000
full_air_0.00,air,0.0012,609.3,8.270000e-04,2.03e-05,3.375500e-03,4.11e-05,1.0000
full_air_0.00,air,0.0012,661.7,7.240000e-04,1.90e-05,3.216000e-03,4.01e-05,1.0000
full_air_0.00,air,0.0012,795.0,5.220000e-04,1.62e-05,2.911000e-03,3.82e-05,1.0000
full_air_0.00,air,0.0012,911.2,3.910000e-04,1.40e-05,2.730500e-03,3.69e-05,1.0000
full_air_0.00,air,0.0012,968.9,3.235000e-04,1.27e-05,2.698500e-03,3.67e-05,1.0000
full_air_0.00,air,0.0012,1120.3,2.685000e-04,1.16e-05,2.525500e-03,3.55e-05,1.0000
full_air_0.00,air,0.0012,1173.2,2.435000e-04,1.10e-05,2.516000e-03,3.55e-05,1.0000
full_air_0.00,air,0.0012,1332.5,1.985000e-04,9.96e-06,2.343500e-03,3.42e-05,1.0000
full_air_0.00,air,0.0012,1460.8,1.820000e-04,9.54e-06,2.320000e-03,3.41e-05,1.0000
full_air_0.00,air,0.0012,1764.5,1.260000e-04,7.94e-06,2.204500e-03,3.32e-05,1.0000
full_air_0.00,air,0.0012,2204.0,8.200000e-05,6.40e-06,2.016500e-03,3.18e-05,1.0000
full_air_0.00,air,0.0012,2614.5,5.750000e-05,5.36e-06,2.041000e-03,3.19e-05,1.0000
full_air_0.00,air,0.0012,3000.0,4.250000e-05,4.61e-06,2.012500e-03,3.17e-05,1.0000
full_organic_0.50,organic,0.5000,30.0,1.202900e-02,7.76e-05,1.240650e-02,7.88e-05,0.9884
full_organic_0.50,organic,0.5000,46.5,1.039650e-02,7.21e-05,1.260300e-02,7.94e-05,0.9781
full_organic_0.50,organic,0.5000,59.5,1.078200e-02,7.34e-05,1.611300e-02,8.98e-05,0.9412
full_organic_0.50,organic,0.5000,80.0,1.112400e-02,7.46e-05,1.654150e-02,9.09e-05,0.9367
full_organic_0.50,organic,0.5000,92.6,1.110050e-02,7.45e-05,1.629600e-02,9.03e-05,0.9459
full_organic_0.50,organic,0.5000,122.0,1.024350e-02,7.16e-05,1.491700e-02,8.64e-05,0.9375
full_organic_0.50,organic,0.5000,186.0,7.234000e-03,6.01e-05,1.129350e-02,7.51e-05,0.9317
full_organic_0.50,organic,0.5000,238.6,4.864000e-03,4.93e-05,8.683500e-03,6.59e-05,0.9475
full_organic_0.50,organic,0.5000,295.2,3.300000e-03,4.06e-05,6.951000e-03,5.90e-05,0.9376
full_organic_0.50,organic,0.5000,351.9,2.274000e-03,3.37e-05,5.790500e-03,5.38e-05,0.8967
full_organic_0.50,organic,0.5000,477.0,1.266500e-03,2.52e-05,4.563500e-03,4.78e-05,0.9194
full_organic_0.50,organic,0.5000,583.2,8.295000e-04,2.04e-05,3.952500e-03,4.45e-05,0.9524
full_organic_0.50,organic,0.5000,609.3,8.315000e-04,2.04e-05,3.920000e-03,4.43e-05,1.0054
full_organic_0.50,organic,0.5000,661.7,6.635000e-04,1.82e-05,3.635000e-03,4.26e-05,0.9164
full_organic_0.50,organic,0.5000,795.0,4.935000e-04,1.57e-05,3.237500e-03,4.02e-05,0.9454
full_organic_0.50,organic,0.5000,911.2,3.660000e-04,1.35e-05,3.060500e-03,3.91e-05,0.9361
full_organic_0.50,organic,0.5000,968.9,3.435000e-04,1.31e-05,3.035000e-03,3.90e-05,1.0618
full_organic_0.50,organic,0.5000,1120.3,2.540000e-04,1.13e-05,2.756000e-03,3.71e-05,0.9460
full_organic_0.50,organic,0.5000,1173.2,2.415000e-04,1.10e-05,2.697500e-03,3.67e-05,0.9918
full_organic_0.50,organic,0.5000,1332.5,1.980000e-04,9.95e-06,2.614000e-03,3.62e-05,0.9975
full_organic_0.50,organic,0.5000,1460.8,1.585000e-04,8.90e-06,2.586000e-03,3.60e-05,0.8709
full_organic_0.50,organic,0.5000,1764.5,1.340000e-04,8.19e-06,2.338500e-03,3.42e-05,1.0635
full_organic_0.50,organic,0.5000,2204.0,7.800000e-05,6.24e-06,2.311500e-03,3.40e-05,0.9512
full_organic_0.50,organic,0.5000,2614.5,6.550000e-05,5.72e-06,2.266000e-03,3.37e-05,1.1391
full_organic_0.50,organic,0.5000,3000.0,3.600000e-05,4.24e-06,2.199500e-03,3.32e-05,0.8471
full_soil_0.80,soil,0.8000,30.0,4.976500e-03,4.99e-05,5.028000e-03,5.01e-05,0.4089
full_soil_0.80,soil,0.8000,46.5,8.176500e-03,6.39e-05,9.435000e-03,6.87e-05,0.7692
full_soil_0.80,soil,0.8000,59.5,9.521500e-03,6.90e-05,1.413600e-02,8.41e-05,0.8312
full_soil_0.80,soil,0.8000,80.0,1.012150e-02,7.11e-05,1.569300e-02,8.86e-05,0.8523
full_soil_0.80,soil,0.8000,92.6,1.040450e-02,7.21e-05,1.588100e-02,8.91e-05,0.8866
full_soil_0.80,soil,0.8000,122.0,9.764000e-03,6.99e-05,1.519200e-02,8.72e-05,0.8936
full_soil_0.80,soil,0.8000,186.0,7.005000e-03,5.92e-05,1.178600e-02,7.68e-05,0.9022
full_soil_0.80,soil,0.8000,238.6,4.788000e-03,4.89e-05,9.246000e-03,6.80e-05,0.9327
full_soil_0.80,soil,0.8000,295.2,3.169000e-03,3.98e-05,7.423000e-03,6.09e-05,0.9004
full_soil_0.80,soil,0.8000,351.9,2.284000e-03,3.38e-05,6.275500e-03,5.60e-05,0.9006
full_soil_0.80,soil,0.8000,477.0,1.240500e-03,2.49e-05,4.910000e-03,4.95e-05,0.9005
full_soil_0.80,soil,0.8000,583.2,8.345000e-04,2.04e-05,4.228000e-03,4.60e-05,0.9581
full_soil_0.80,soil,0.8000,609.3,7.350000e-04,1.92e-05,4.113500e-03,4.54e-05,0.8888
full_soil_0.80,soil,0.8000,661.7,6.685000e-04,1.83e-05,3.892000e-03,4.41e-05,0.9233
full_soil_0.80,soil,0.8000,795.0,4.640000e-04,1.52e-05,3.470000e-03,4.17e-05,0.8889
full_soil_0.80,soil,0.8000,911.2,3.680000e-04,1.36e-05,3.192500e-03,4.00e-05,0.9412
full_soil_0.80,soil,0.8000,968.9,3.840000e-04,1.39e-05,3.276500e-03,4.05e-05,1.1870
full_soil_0.80,soil,0.8000,1120.3,2.730000e-04,1.17e-05,2.843500e-03,3.77e-05,1.0168
full_soil_0.80,soil,0.8000,1173.2,2.485000e-04,1.11e-05,2.969500e-03,3.85e-05,1.0205
full_soil_0.80,soil,0.8000,1332.5,1.785000e-04,9.45e-06,2.742500e-03,3.70e-05,0.8992
full_soil_0.80,soil,0.8000,1460.8,1.535000e-04,8.76e-06,2.643500e-03,3.64e-05,0.8434
full_soil_0.80,soil,0.8000,1764.5,1.200000e-04,7.75e-06,2.481500e-03,3.52e-05,0.9524
full_soil_0.80,soil,0.8000,2204.0,8.250000e-05,6.42e-06,2.467000e-03,3.51e-05,1.0061
full_soil_0.80,soil,0.8000,2614.5,5.700000e-05,5.34e-06,2.372000e-03,3.44e-05,0.9913
full_soil_0.80,soil,0.8000,3000.0,4.350000e-05,4.66e-06,2.300500e-03,3.39e-05,1.0235
full_soil_1.20,soil,1.2000,30.0,3.671000e-03,4.28e-05,3.705500e-03,4.30e-05,0.3016
full_soil_1.20,soil,1.2000,46.5,7.001000e-03,5.92e-05,8.179000e-03,6.39e-05,0.6586
full_soil_1.20,soil,1.2000,59.5,8.619000e-03,6.56e-05,1.338600e-02,8.18e-05,0.7524
full_soil_1.20,soil,1.2000,80.0,9.559500e-03,6.91e-05,1.585600e-02,8.90e-05,0.8049
full_soil_1.20,soil,1.2000,92.6,9.842500e-03,7.02e-05,1.646650e-02,9.07e-05,0.8387
full_soil_1.20,soil,1.2000,122.0,9.171500e-03,6.77e-05,1.574450e-02,8.87e-05,0.8394
full_soil_1.20,soil,1.2000,186.0,6.506500e-03,5.70e-05,1.248250e-02,7.90e-05,0.8380
full_soil_1.20,soil,1.2000,238.6,4.526500e-03,4.76e-05,9.880000e-03,7.03e-05,0.8818
full_soil_1.20,soil,1.2000,295.2,3.117500e-03,3.95e-05,8.087000e-03,6.36e-05,0.8858
full_soil_1.20,soil,1.2000,351.9,2.164500e-03,3.29e-05,6.848500e-03,5.85e-05,0.8535
full_soil_1.20,soil,1.2000,477.0,1.215500e-03,2.47e-05,5.473500e-03,5.23e-05,0.8824
full_soil_1.20,soil,1.2000,583.2,8.475000e-04,2.06e-05,4.739500e-03,4.87e-05,0.9730
full_soil_1.20,soil,1.2000,609.3,7.365000e-04,1.92e-05,4.537000e-03,4.76e-05,0.8906
full_soil_1.20,soil,1.2000,661.7,6.160000e-04,1.75e-05,4.246500e-03,4.61e-05,0.8508
full_soil_1.20,soil,1.2000,795.0,4.795000e-04,1.55e-05,3.880000e-03,4.40e-05,0.9186
full_soil_1.20,soil,1.2000,911.2,3.610000e-04,1.34e-05,3.582000e-03,4.23e-05,0.9233
full_soil_1.20,soil,1.2000,968.9,3.400000e-04,1.30e-05,3.493500e-03,4.18e-05,1.0510
full_soil_1.20,soil,1.2000,1120.3,2.655000e-04,1.15e-05,3.205000e-03,4.00e-05,0.9888
full_soil_1.20,soil,1.2000,1173.2,2.235000e-04,1.06e-05,3.080000e-03,3.92e-05,0.9179
full_soil_1.20,soil,1.2000,1332.5,1.870000e-04,9.67e-06,2.932000e-03,3.83e-05,0.9421
full_soil_1.20,soil,1.2000,1460.8,1.580000e-04,8.89e-06,2.837500e-03,3.77e-05,0.8681
full_soil_1.20,soil,1.2000,1764.5,1.235000e-04,7.86e-06,2.711000e-03,3.68e-05,0.9802
full_soil_1.20,soil,1.2000,2204.0,7.450000e-05,6.10e-06,2.588500e-03,3.60e-05,0.9085
full_soil_1.20,soil,1.2000,2614.5,5.900000e-05,5.43e-06,2.537000e-03,3.56e-05,1.0261
full_soil_1.20,soil,1.2000,3000.0,3.600000e-05,4.24e-06,2.530000e-03,3.56e-05,0.8471
full_soil_1.60,soil,1.6000,30.0,2.823000e-03,3.76e-05,2.845500e-03,3.77e-05,0.2320
full_soil_1.60,soil,1.6000,46.5,6.129000e-03,5.54e-05,7.153500e-03,5.98e-05,0.5766
full_soil_1.60,soil,1.6000,59.5,7.896500e-03,6.28e-05,1.253800e-02,7.92e-05,0.6893
full_soil_1.60,soil,1.6000,80.0,8.941000e-03,6.69e-05,1.560500e-02,8.83e-05,0.7529
full_soil_1.60,soil,1.6000,92.6,9.156000e-03,6.77e-05,1.637900e-02,9.05e-05,0.7802
full_soil_1.60,soil,1.6000,122.0,8.682000e-03,6.59e-05,1.626050e-02,9.02e-05,0.7946
full_soil_1.60,soil,1.6000,186.0,6.267500e-03,5.60e-05,1.329400e-02,8.15e-05,0.8072
full_soil_1.60,soil,1.6000,238.6,4.298500e-03,4.64e-05,1.071200e-02,7.32e-05,0.8373
full_soil_1.60,soil,1.6000,295.2,2.944000e-03,3.84e-05,8.759500e-03,6.62e-05,0.8365
full_soil_1.60,soil,1.6000,351.9,2.161000e-03,3.29e-05,7.623000e-03,6.17e-05,0.8521
full_soil_1.60,soil,1.6000,477.0,1.131500e-03,2.38e-05,5.837000e-03,5.40e-05,0.8214
full_soil_1.60,soil,1.6000,583.2,7.740000e-04,1.97e-05,5.054000e-03,5.03e-05,0.8886
full_soil_1.60,soil,1.6000,609.3,7.130000e-04,1.89e-05,4.990000e-03,4.99e-05,0.8622
full_soil_1.60,soil,1.6000,661.7,6.560000e-04,1.81e-05,4.717500e-03,4.86e-05,0.9061
full_soil_1.60,soil,1.6000,795.0,4.110000e-04,1.43e-05,4.195500e-03,4.58e-05,0.7874
full_soil_1.60,soil,1.6000,911.2,3.630000e-04,1.35e-05,3.892000e-03,4.41e-05,0.9284
full_soil_1.60,soil,1.6000,968.9,3.260000e-04,1.28e-05,3.735000e-03,4.32e-05,1.0077
full_soil_1.60,soil,1.6000,1120.3,2.610000e-04,1.14e-05,3.515000e-03,4.19e-05,0.9721
full_soil_1.60,soil,1.6000,1173.2,2.160000e-04,1.04e-05,3.382500e-03,4.11e-05,0.8871
full_soil_1.60,soil,1.6000,1332.5,1.835000e-04,9.58e-06,3.254000e-03,4.03e-05,0.9244
full_soil_1.60,soil,1.6000,1460.8,1.515000e-04,8.70e-06,3.114500e-03,3.95e-05,0.8324
full_soil_1.60,soil,1.6000,1764.5,1.070000e-04,7.31e-06,2.905000e-03,3.81e-05,0.8492
full_soil_1.60,soil,1.6000,2204.0,6.400000e-05,5.66e-06,2.716500e-03,3.69e-05,0.7805
full_soil_1.60,soil,1.6000,2614.5,6.400000e-05,5.66e-06,2.731500e-03,3.70e-05,1.1130
full_soil_1.60,soil,1.6000,3000.0,3.700000e-05,4.30e-06,2.734000e-03,3.70e-05,0.8706
full_water_1.00,water,1.0000,30.0,1.072950e-02,7.32e-05,1.123850e-02,7.50e-05,0.8816
full_water_1.00,water,1.0000,46.5,9.898000e-03,7.03e-05,1.326050e-02,8.14e-05,0.9312
full_water_1.00,water,1.0000,59.5,1.015900e-02,7.13e-05,1.706150e-02,9.24e-05,0.8869
full_water_1.00,water,1.0000,80.0,1.017550e-02,7.13e-05,1.778250e-02,9.43e-05,0.8568
full_water_1.00,water,1.0000,92.6,1.020950e-02,7.14e-05,1.765600e-02,9.40e-05,0.8700
full_water_1.00,water,1.0000,122.0,9.626000e-03,6.94e-05,1.656000e-02,9.10e-05,0.8810
full_water_1.00,water,1.0000,186.0,6.694000e-03,5.79e-05,1.253750e-02,7.92e-05,0.8621
full_water_1.00,water,1.0000,238.6,4.571000e-03,4.78e-05,9.879000e-03,7.03e-05,0.8904
full_water_1.00,water,1.0000,295.2,3.125500e-03,3.95e-05,8.042000e-03,6.34e-05,0.8881
full_water_1.00,water,1.0000,351.9,2.169500e-03,3.29e-05,6.764500e-03,5.82e-05,0.8555
full_water_1.00,water,1.0000,477.0,1.178000e-03,2.43e-05,5.263500e-03,5.13e-05,0.8552
full_water_1.00,water,1.0000,583.2,8.075000e-04,2.01e-05,4.569500e-03,4.78e-05,0.9271
full_water_1.00,water,1.0000,609.3,7.445000e-04,1.93e-05,4.465500e-03,4.73e-05,0.9002
full_water_1.00,water,1.0000,661.7,6.105000e-04,1.75e-05,4.162000e-03,4.56e-05,0.8432
full_water_1.00,water,1.0000,795.0,4.365000e-04,1.48e-05,3.820000e-03,4.37e-05,0.8362
full_water_1.00,water,1.0000,911.2,3.565000e-04,1.34e-05,3.465000e-03,4.16e-05,0.9118
full_water_1.00,water,1.0000,968.9,3.155000e-04,1.26e-05,3.433500e-03,4.14e-05,0.9753
full_water_1.00,water,1.0000,1120.3,2.685000e-04,1.16e-05,3.227000e-03,4.02e-05,1.0000
full_water_1.00,water,1.0000,1173.2,2.355000e-04,1.09e-05,3.020500e-03,3.89e-05,0.9671
full_water_1.00,water,1.0000,1332.5,1.900000e-04,9.75e-06,2.941000e-03,3.83e-05,0.9572
full_water_1.00,water,1.0000,1460.8,1.560000e-04,8.83e-06,2.794500e-03,3.74e-05,0.8571
full_water_1.00,water,1.0000,1764.5,1.225000e-04,7.83e-06,2.645500e-03,3.64e-05,0.9722
full_water_1.00,water,1.0000,2204.0,7.400000e-05,6.08e-06,2.489000e-03,3.53e-05,0.9024
full_water_1.00,water,1.0000,2614.5,5.600000e-05,5.29e-06,2.470500e-03,3.51e-05,0.9739
full_water_1.00,water,1.0000,3000.0,4.000000e-05,4.47e-06,2.443000e-03,3.49e-05,0.9412
