# разложение отклика по каналам, канал ставится по истории процессов события
# src_sha1 = 7de2c887d65b
# git_describe = asn16-2026-08-06-response-127-g8df2a12-dirty-untracked
# particle = gamma
# E_prim_keV = 555.0366
# N_primaries = 30000000
# N_with_signal = 159758
# matrix = -
# bin_keV = 1.000
# правило приоритета: пары -> вылет первичного после комптона -> рентген -> тормозное -> без вылета
E_keV,photo,compt_full,compt_esc1,compt_escN,xray_esc,brems_esc,pair_full,pair_esc1,pair_esc2,external,other
0.5,0,0,63,0,3,0,0,0,0,8,0
1.5,1,0,133,0,2,0,0,0,0,9,0
2.5,5,0,153,0,9,0,0,0,0,4,0
3.5,0,0,139,2,4,0,0,0,0,4,0
4.5,1,1,112,1,5,0,0,0,0,5,0
5.5,5,0,148,0,18,0,0,0,0,5,0
6.5,8,0,151,1,30,0,0,0,0,9,0
7.5,9,0,133,2,40,0,0,0,0,6,0
8.5,6,0,140,4,51,0,0,0,0,7,0
9.5,5,0,133,0,27,0,0,0,0,11,0
10.5,7,0,141,5,43,0,0,0,0,1,0
11.5,9,0,163,4,46,0,0,0,0,32,0
12.5,4,0,133,2,50,0,0,0,0,2,0
13.5,8,0,144,3,47,0,0,0,0,10,0
14.5,10,0,154,3,58,0,0,0,0,8,0
15.5,17,0,138,3,73,0,0,0,0,2,0
16.5,3,0,132,4,76,0,0,0,0,2,0
17.5,6,0,123,3,89,0,0,0,0,4,0
18.5,8,0,131,5,92,0,0,0,0,3,0
19.5,4,0,151,4,105,0,0,0,0,5,0
20.5,5,0,138,5,109,0,0,0,0,6,0
21.5,6,0,125,2,109,0,0,0,0,0,0
22.5,3,0,101,5,125,0,0,0,0,2,0
23.5,7,0,143,2,125,0,0,0,0,8,0
24.5,3,0,119,2,138,0,0,0,0,1,0
25.5,13,0,117,2,119,0,0,0,0,4,0
26.5,10,0,105,2,131,1,0,0,0,8,0
27.5,13,0,105,6,132,0,1,0,0,2,0
28.5,11,0,133,2,159,0,0,0,0,4,0
29.5,14,0,118,2,139,0,0,0,0,1,0
30.5,15,0,136,9,161,0,0,0,0,2,0
31.5,32,0,109,4,127,0,0,0,0,0,0
32.5,20,0,121,4,150,1,0,0,0,5,0
33.5,34,0,103,4,172,0,0,0,0,6,0
34.5,33,0,90,2,143,1,0,0,0,5,0
35.5,34,0,110,7,141,0,0,0,0,2,0
36.5,48,0,104,1,156,0,0,0,0,4,0
37.5,54,0,91,4,173,0,0,0,0,5,0
38.5,102,0,86,4,155,1,0,0,0,3,0
39.5,95,0,90,4,154,1,0,0,0,5,0
40.5,120,2,105,4,141,0,0,0,0,1,0
41.5,112,0,101,7,166,0,0,0,0,5,0
42.5,136,0,94,4,126,0,0,0,0,3,0
43.5,142,1,97,7,156,1,0,0,0,2,0
44.5,195,1,95,6,135,1,0,0,0,2,0
45.5,163,1,101,3,145,0,0,0,0,5,0
46.5,217,0,87,4,146,1,0,0,0,1,0
47.5,298,4,87,6,140,0,0,0,0,4,0
48.5,331,4,86,8,143,1,0,0,0,2,0
49.5,327,4,86,6,140,0,0,0,0,5,0
50.5,383,4,94,3,146,0,0,0,0,0,0
51.5,450,0,96,5,124,0,0,0,0,1,0
52.5,456,8,81,6,133,2,0,0,0,2,0
53.5,472,9,94,4,137,0,0,0,0,3,0
54.5,563,6,83,4,131,0,0,0,0,2,0
55.5,574,7,81,2,141,1,0,0,0,3,0
56.5,625,13,103,4,119,0,0,0,0,3,0
57.5,660,4,76,5,123,1,0,0,0,1,0
58.5,667,6,73,6,115,0,0,0,0,3,0
59.5,676,9,81,4,127,0,0,0,0,4,0
60.5,755,9,90,2,108,0,0,0,0,0,0
61.5,819,13,77,4,93,1,0,0,0,0,0
62.5,845,19,71,6,110,1,0,0,0,0,0
63.5,833,14,71,4,123,1,0,0,0,2,0
64.5,886,15,79,2,115,0,0,0,0,3,0
65.5,888,10,65,4,114,1,0,0,0,1,0
66.5,935,18,82,8,99,3,0,0,0,3,0
67.5,934,14,68,5,69,0,0,0,0,2,0
68.5,902,15,82,4,94,1,0,0,0,0,0
69.5,983,16,74,6,97,1,0,0,0,1,0
70.5,943,29,68,3,77,0,0,0,0,5,0
71.5,986,21,66,6,99,0,0,0,0,1,0
72.5,944,17,60,6,73,1,0,0,0,3,0
73.5,990,29,61,8,97,1,0,0,0,2,0
74.5,1006,22,72,2,69,1,0,0,0,0,0
75.5,1054,24,60,6,85,0,0,0,0,3,0
76.5,995,26,65,8,70,1,0,0,0,2,0
77.5,1020,30,60,7,73,1,0,0,0,2,0
78.5,1025,27,75,11,56,2,0,0,0,3,0
79.5,1061,15,47,5,67,0,0,0,0,1,0
80.5,1011,40,51,6,67,0,0,0,0,2,0
81.5,1042,27,52,5,63,0,0,0,0,0,0
82.5,1054,35,57,5,52,1,0,0,0,2,0
83.5,1121,30,78,2,57,1,0,0,0,1,0
84.5,1136,33,63,5,49,2,0,0,0,3,0
85.5,1117,39,59,4,54,0,0,0,0,1,0
86.5,1096,45,74,9,46,0,0,0,0,3,0
87.5,1066,45,64,7,60,1,0,0,0,0,0
88.5,1086,43,53,2,51,0,0,0,0,1,0
89.5,1005,37,59,6,56,1,0,0,0,3,0
90.5,1041,25,58,5,57,1,0,0,0,1,0
91.5,1058,56,56,4,56,2,0,0,0,1,0
92.5,1068,39,45,2,49,0,0,0,0,1,0
93.5,1047,44,52,4,43,1,0,0,0,1,0
94.5,1024,42,53,3,39,0,0,0,0,2,0
95.5,1037,46,49,1,39,1,0,0,0,0,0
96.5,1040,58,54,4,45,0,0,0,0,1,0
97.5,1027,41,55,4,45,0,0,0,0,1,0
98.5,1052,44,61,4,40,2,0,0,0,1,0
99.5,1029,59,51,7,42,0,0,0,0,1,0
100.5,999,51,53,3,47,0,0,0,0,2,0
101.5,982,57,59,4,45,0,0,0,0,0,0
102.5,951,59,47,3,30,4,0,0,0,2,0
103.5,979,46,57,4,39,0,0,0,0,3,0
104.5,934,55,50,4,38,1,0,0,0,3,0
105.5,939,56,46,5,33,0,0,0,0,2,0
106.5,943,41,33,4,28,0,0,0,0,1,0
107.5,907,57,38,8,25,0,1,0,0,0,0
108.5,889,59,44,3,33,0,0,0,0,0,0
109.5,824,56,59,7,24,0,0,0,0,1,0
110.5,831,60,47,4,28,0,0,0,0,5,0
111.5,808,66,41,3,38,1,0,0,0,3,0
112.5,843,51,30,2,22,2,0,0,1,0,0
113.5,776,53,42,5,31,1,0,0,0,2,0
114.5,785,50,48,7,25,2,1,0,0,2,0
115.5,767,46,46,3,32,0,0,0,0,2,0
116.5,750,65,59,5,22,1,0,0,0,3,0
117.5,716,52,46,6,26,0,0,0,0,0,0
118.5,737,70,35,4,26,0,0,0,0,1,0
119.5,704,67,50,3,27,1,0,0,0,1,0
120.5,747,62,53,3,25,1,0,0,0,4,0
121.5,725,70,48,2,19,0,0,0,0,1,0
122.5,674,64,43,6,26,2,0,0,0,2,0
123.5,744,59,34,4,20,1,0,0,0,2,0
124.5,641,55,44,7,15,1,0,0,0,0,0
125.5,640,62,41,7,17,0,0,0,0,1,0
126.5,598,58,50,2,18,1,0,0,0,0,0
127.5,584,61,36,5,21,0,0,0,0,3,0
128.5,613,57,34,6,20,0,0,0,0,3,0
129.5,588,69,37,5,19,0,0,0,0,1,0
130.5,559,65,44,7,16,1,0,0,0,2,0
131.5,551,51,49,1,27,0,0,0,0,1,0
132.5,543,47,50,4,15,2,0,0,0,0,0
133.5,555,54,33,2,17,1,0,0,0,1,0
134.5,519,45,46,5,18,1,0,0,0,2,0
135.5,473,52,41,5,22,0,0,0,0,2,0
136.5,504,46,32,7,22,0,0,0,0,1,0
137.5,487,68,34,5,15,1,0,0,0,1,0
138.5,510,55,39,2,20,0,0,0,0,2,0
139.5,496,56,40,4,13,0,0,0,0,0,0
140.5,563,47,46,2,14,1,0,0,0,1,0
141.5,502,51,33,3,14,1,0,0,0,2,0
142.5,534,62,40,5,13,0,0,0,0,2,0
143.5,546,63,27,5,16,0,0,0,0,1,0
144.5,540,60,19,4,19,0,0,0,0,1,0
145.5,541,58,32,5,11,0,0,0,0,2,0
146.5,496,59,33,3,5,0,0,0,0,1,0
147.5,490,52,36,9,12,1,0,0,0,1,0
148.5,472,70,34,3,14,1,0,0,0,1,0
149.5,461,58,44,0,11,1,0,0,0,0,0
150.5,437,69,30,3,10,0,0,0,0,2,0
151.5,458,48,39,6,12,0,0,0,0,0,0
152.5,423,66,30,6,21,0,0,0,0,1,0
153.5,422,52,42,8,13,1,0,0,0,1,0
154.5,379,58,30,9,6,0,0,0,0,1,0
155.5,345,57,34,2,12,0,0,0,0,1,0
156.5,356,55,31,3,16,1,0,0,0,2,0
157.5,360,68,34,2,14,1,0,0,0,1,0
158.5,382,50,36,4,9,0,0,0,0,0,0
159.5,362,58,28,2,8,0,0,0,0,1,0
160.5,399,53,29,7,10,0,0,0,0,4,0
161.5,421,63,33,5,8,0,0,0,0,2,0
162.5,421,74,30,2,14,1,0,0,0,2,0
163.5,427,69,39,3,7,0,0,0,0,2,0
164.5,415,59,31,2,4,0,0,0,0,3,0
165.5,414,72,38,9,2,0,0,0,0,0,0
166.5,374,51,22,5,5,2,0,0,0,0,0
167.5,351,63,26,2,7,0,0,0,0,0,0
168.5,366,61,29,3,7,0,0,0,1,0,0
169.5,314,52,41,6,8,0,0,0,0,2,0
170.5,352,57,39,4,8,0,0,0,0,1,0
171.5,329,48,33,8,12,1,0,0,0,1,0
172.5,293,66,26,4,12,0,0,0,0,3,0
173.5,304,49,27,2,7,0,0,0,0,1,0
174.5,266,42,37,2,5,1,0,0,0,1,0
175.5,269,55,30,2,8,1,0,0,0,2,0
176.5,253,42,35,6,6,1,0,0,0,0,0
177.5,259,48,37,6,4,0,0,0,0,2,0
178.5,276,47,23,5,5,0,0,0,0,0,0
179.5,271,42,29,3,9,0,0,0,0,2,0
180.5,285,55,31,2,6,1,0,0,0,1,0
181.5,292,46,25,4,8,1,0,0,0,0,0
182.5,266,53,31,2,8,0,0,0,0,0,0
183.5,289,57,28,6,5,0,0,0,0,0,0
184.5,308,61,26,2,5,0,0,0,0,1,0
185.5,274,59,26,4,6,1,0,0,0,3,0
186.5,283,62,29,4,4,0,0,0,0,1,0
187.5,257,52,24,3,6,0,0,0,0,0,0
188.5,298,45,20,6,7,2,0,0,0,0,0
189.5,211,41,20,2,6,1,1,0,1,1,0
190.5,232,46,30,2,2,0,0,0,0,0,0
191.5,254,43,22,3,5,0,0,0,0,0,0
192.5,225,53,30,6,4,0,0,0,0,1,0
193.5,201,37,24,3,5,1,0,0,0,3,0
194.5,226,34,18,12,5,0,0,0,0,1,0
195.5,214,51,25,1,4,1,0,0,0,0,0
196.5,164,45,28,1,6,0,0,0,0,1,0
197.5,188,47,30,6,5,0,0,0,0,1,0
198.5,174,36,25,1,5,0,0,0,0,1,0
199.5,168,37,31,5,6,0,0,0,0,1,0
200.5,188,35,11,2,10,0,0,0,0,0,0
201.5,184,46,33,1,6,0,0,0,0,1,0
202.5,175,44,25,3,5,0,0,0,0,1,0
203.5,160,37,22,2,2,0,0,0,0,1,0
204.5,162,32,26,2,6,0,0,0,1,0,0
205.5,174,31,19,2,3,0,0,0,0,1,0
206.5,153,43,18,6,3,0,0,0,1,1,0
207.5,171,46,19,3,3,0,0,0,0,0,0
208.5,160,38,19,2,5,0,0,0,1,0,0
209.5,139,45,19,1,7,0,0,0,0,2,0
210.5,155,32,27,2,2,0,0,0,0,2,0
211.5,149,34,25,4,6,0,1,0,0,2,0
212.5,146,31,29,3,7,0,0,0,0,0,0
213.5,150,29,17,3,6,0,0,0,0,1,0
214.5,149,34,29,2,3,0,1,0,0,1,0
215.5,139,36,24,3,5,0,0,0,0,0,0
216.5,151,34,17,1,6,0,0,0,0,2,0
217.5,128,40,22,0,4,0,0,0,0,0,0
218.5,159,28,19,6,4,0,0,0,0,0,0
219.5,124,33,24,4,2,1,0,0,0,1,0
220.5,142,33,27,5,6,0,0,0,0,1,0
221.5,140,37,24,1,2,0,0,0,0,1,0
222.5,124,38,27,2,4,1,0,0,0,0,0
223.5,122,35,20,1,4,1,0,0,0,0,0
224.5,143,29,26,4,7,1,0,0,0,0,0
225.5,110,54,20,4,4,0,0,0,0,1,0
226.5,110,31,16,3,4,0,0,0,0,0,0
227.5,121,34,25,2,3,0,0,0,0,1,0
228.5,121,41,21,5,4,0,0,0,0,0,0
229.5,136,27,27,1,3,0,0,0,1,1,0
230.5,115,33,26,2,2,0,0,0,0,0,0
231.5,123,28,26,4,5,0,0,0,0,3,0
232.5,133,35,13,3,4,1,0,0,0,0,0
233.5,101,42,14,4,2,0,0,0,0,3,0
234.5,133,38,21,2,6,1,0,0,0,0,0
235.5,119,34,16,2,0,1,0,0,0,1,0
236.5,113,50,23,4,1,0,0,0,0,1,0
237.5,115,37,15,0,4,0,1,0,0,1,0
238.5,105,40,17,7,5,0,0,0,0,2,0
239.5,109,36,15,6,4,0,0,0,0,1,0
240.5,102,38,17,1,2,0,0,0,0,2,0
241.5,101,21,17,4,0,1,0,0,0,0,0
242.5,84,31,15,3,5,0,0,0,0,1,0
243.5,88,33,17,5,5,0,0,0,0,1,0
244.5,106,26,26,4,2,1,0,0,0,2,0
245.5,75,29,18,5,1,0,0,0,0,0,0
246.5,120,35,16,2,2,0,1,0,0,2,0
247.5,82,29,22,1,3,1,0,0,0,0,0
248.5,110,30,19,3,3,0,0,0,0,0,0
249.5,80,23,16,1,2,0,0,0,0,0,0
250.5,95,24,19,5,2,0,0,0,0,2,0
251.5,94,27,17,3,2,0,0,0,0,1,0
252.5,95,28,22,4,1,0,0,0,0,1,0
253.5,83,26,21,2,1,0,0,0,0,1,0
254.5,89,33,11,2,3,0,0,0,0,0,0
255.5,76,29,28,3,1,0,0,0,0,1,0
256.5,85,20,14,2,1,0,0,0,0,1,0
257.5,100,25,14,1,2,0,0,0,0,3,0
258.5,73,25,20,4,1,0,0,0,0,0,0
259.5,98,18,16,2,0,0,0,0,0,0,0
260.5,74,32,22,3,4,0,0,0,0,0,0
261.5,70,30,17,1,1,0,0,0,0,0,0
262.5,87,29,19,6,2,0,0,0,0,0,0
263.5,69,29,14,2,6,0,0,0,0,0,0
264.5,76,27,21,1,3,1,0,0,0,0,0
265.5,74,27,14,0,2,1,0,0,0,2,0
266.5,63,27,13,0,2,0,0,0,0,1,0
267.5,73,27,20,1,0,0,0,0,0,1,0
268.5,74,23,18,1,2,0,0,0,0,0,0
269.5,77,19,16,3,3,0,0,0,0,0,0
270.5,85,22,24,1,0,0,0,0,0,0,0
271.5,74,27,18,2,3,0,0,0,0,0,0
272.5,75,25,21,3,2,0,0,0,0,0,0
273.5,87,26,18,3,0,1,0,0,0,0,0
274.5,73,21,16,2,3,0,0,0,0,0,0
275.5,63,46,18,4,0,0,0,0,0,2,0
276.5,73,19,19,5,3,0,0,0,0,1,0
277.5,70,21,21,2,2,1,0,0,0,1,0
278.5,60,24,23,3,2,0,0,0,0,1,0
279.5,58,23,12,3,1,0,0,0,0,0,0
280.5,50,22,27,0,0,0,0,0,0,1,0
281.5,37,18,17,4,3,0,0,0,0,3,0
282.5,53,18,24,3,1,0,0,0,0,0,0
283.5,39,19,18,0,2,0,0,0,0,4,0
284.5,49,18,15,2,1,0,0,0,0,0,0
285.5,52,12,21,4,1,0,0,0,0,1,0
286.5,37,13,11,2,1,0,0,0,0,1,0
287.5,45,19,21,4,1,0,0,0,0,0,0
288.5,39,22,19,2,1,1,0,0,0,1,0
289.5,48,17,14,2,0,0,0,0,0,2,0
290.5,36,13,21,1,2,0,0,0,0,0,0
291.5,49,25,16,5,1,0,0,0,0,0,0
292.5,42,19,15,5,4,0,0,0,0,0,0
293.5,52,17,16,5,2,0,0,0,0,0,0
294.5,39,24,15,3,2,1,0,0,0,1,0
295.5,53,22,15,1,1,1,1,0,0,1,0
296.5,46,18,13,3,1,0,0,0,0,2,0
297.5,47,22,17,4,4,0,0,0,0,2,0
298.5,53,26,11,1,1,0,0,0,0,1,0
299.5,44,25,19,2,2,0,0,0,0,0,0
300.5,48,21,21,4,0,1,0,0,0,1,0
301.5,58,22,19,2,1,0,0,0,0,2,0
302.5,40,26,24,2,2,1,0,0,0,1,0
303.5,47,20,19,1,3,1,0,0,0,0,0
304.5,49,23,17,3,1,0,0,0,0,0,0
305.5,40,29,15,2,2,0,0,0,0,0,0
306.5,51,16,15,0,1,0,0,0,0,0,0
307.5,48,23,19,2,2,0,0,0,0,0,0
308.5,48,12,21,5,1,1,0,0,0,0,0
309.5,34,18,14,1,4,1,1,0,0,1,0
310.5,32,21,14,2,0,1,0,0,0,0,0
311.5,48,21,16,4,1,0,0,0,0,1,0
312.5,42,20,11,3,1,0,0,0,0,0,0
313.5,34,12,16,3,1,0,0,0,1,1,0
314.5,28,8,5,3,1,0,0,0,0,0,0
315.5,32,10,30,1,2,0,0,0,0,1,0
316.5,28,11,16,1,2,0,0,0,0,0,0
317.5,35,18,13,3,1,0,0,0,0,1,0
318.5,32,11,18,6,1,0,0,0,0,1,0
319.5,27,9,19,2,2,1,0,0,0,1,0
320.5,38,7,17,2,1,1,0,0,0,0,0
321.5,28,14,14,5,1,0,0,0,0,1,0
322.5,37,11,19,5,2,0,0,0,0,1,0
323.5,42,15,20,0,2,2,0,0,0,0,0
324.5,47,16,15,2,2,0,0,0,0,0,0
325.5,37,17,8,4,0,1,0,0,0,0,0
326.5,24,11,11,4,0,0,0,0,0,1,0
327.5,28,16,21,1,1,0,0,0,0,1,0
328.5,34,12,14,3,1,0,0,0,0,1,0
329.5,18,13,15,3,2,0,0,0,0,0,0
330.5,23,11,22,1,0,0,0,0,0,1,0
331.5,22,18,15,3,3,0,0,0,0,1,0
332.5,27,19,16,3,1,0,0,0,0,0,0
333.5,22,7,10,1,1,0,0,0,0,1,0
334.5,36,19,13,0,0,0,0,0,0,1,0
335.5,20,15,12,1,0,0,0,0,0,1,0
336.5,33,12,11,1,0,1,0,0,0,1,0
337.5,31,11,12,0,0,0,0,0,0,1,0
338.5,28,17,18,3,0,0,0,0,0,1,0
339.5,26,12,8,5,1,1,0,0,0,0,0
340.5,22,8,16,3,0,0,0,0,1,1,0
341.5,20,21,15,2,0,0,0,0,0,1,0
342.5,31,11,12,1,0,1,0,0,0,1,0
343.5,17,12,16,3,0,0,0,0,0,2,0
344.5,17,13,10,4,1,0,0,0,0,0,0
345.5,22,7,15,1,0,1,0,0,0,0,0
346.5,28,17,14,1,1,0,0,0,0,2,0
347.5,15,12,9,2,0,2,0,0,0,2,0
348.5,19,10,8,0,0,0,0,0,0,2,0
349.5,18,15,20,1,0,1,0,0,0,0,0
350.5,21,11,10,2,1,0,0,0,0,0,0
351.5,20,12,7,5,0,0,0,0,0,0,0
352.5,22,21,10,0,0,0,0,0,0,0,0
353.5,18,4,16,2,4,0,0,0,0,0,0
354.5,18,9,9,4,0,0,0,0,0,0,0
355.5,19,8,7,2,0,1,0,0,0,0,0
356.5,13,9,17,5,1,0,0,0,0,1,0
357.5,23,10,17,2,0,0,0,0,0,0,0
358.5,13,10,11,0,1,0,0,0,0,1,0
359.5,20,9,13,2,0,0,0,0,0,0,0
360.5,25,7,16,2,0,1,0,0,0,0,0
361.5,26,9,13,3,0,1,0,0,0,0,0
362.5,19,14,13,1,0,0,0,0,0,0,0
363.5,27,9,9,2,0,0,0,0,0,1,0
364.5,21,16,15,2,1,0,0,0,0,0,0
365.5,21,13,14,2,0,0,0,0,0,0,0
366.5,20,18,10,0,0,1,0,0,0,0,0
367.5,20,18,13,3,0,0,0,0,0,0,0
368.5,28,9,15,2,0,0,0,0,0,0,0
369.5,25,4,15,1,2,0,0,0,0,0,0
370.5,20,7,19,2,1,0,0,0,0,0,0
371.5,12,8,11,7,2,0,0,0,0,1,0
372.5,15,9,10,1,0,0,0,0,0,1,0
373.5,13,10,9,0,0,0,0,0,0,0,0
374.5,19,3,10,0,0,0,0,0,0,1,0
375.5,15,7,10,4,1,1,0,0,0,0,0
376.5,21,8,19,4,0,0,0,0,0,0,0
377.5,13,10,16,2,1,0,0,0,0,1,0
378.5,14,11,13,2,0,0,0,0,0,1,0
379.5,14,4,18,4,0,0,0,0,0,1,0
380.5,7,5,10,1,1,0,0,0,0,0,0
381.5,13,6,17,4,0,0,0,0,0,0,0
382.5,12,6,12,3,0,3,0,0,0,0,0
383.5,13,6,10,2,1,0,0,0,0,0,0
384.5,20,9,11,2,0,0,0,0,0,0,0
385.5,18,8,6,2,1,0,0,0,0,0,0
386.5,11,10,9,3,0,0,0,0,0,0,0
387.5,13,1,9,2,1,0,0,0,0,1,0
388.5,19,6,11,3,0,0,0,0,1,0,0
389.5,8,10,11,3,2,1,0,0,0,0,0
390.5,12,3,11,0,1,0,0,0,0,1,0
391.5,12,5,11,3,1,0,0,0,0,1,0
392.5,14,13,17,5,0,1,0,0,0,0,0
393.5,12,6,11,1,1,0,0,0,0,2,0
394.5,8,6,10,4,0,0,0,0,0,1,0
395.5,13,5,8,2,1,0,0,0,0,0,0
396.5,7,7,8,1,0,0,0,0,0,2,0
397.5,13,4,12,1,1,0,0,0,0,0,0
398.5,13,7,5,4,0,1,0,0,0,0,0
399.5,15,7,7,2,1,0,0,0,0,0,0
400.5,13,14,19,1,0,0,0,0,0,2,0
401.5,15,4,12,0,0,0,0,0,0,1,0
402.5,11,9,8,5,1,0,0,0,0,0,0
403.5,13,12,6,4,2,0,0,0,0,0,0
404.5,13,11,9,1,0,0,0,0,0,1,0
405.5,10,4,11,2,0,0,0,0,0,1,0
406.5,8,8,7,3,1,0,0,0,0,0,0
407.5,12,6,8,1,1,0,0,0,0,0,0
408.5,13,10,6,2,0,0,0,0,0,2,0
409.5,11,6,11,1,1,0,0,0,0,0,0
410.5,18,9,7,6,0,3,0,0,0,0,0
411.5,29,10,6,1,0,0,0,0,0,0,0
412.5,11,8,6,2,1,0,0,0,0,1,0
413.5,11,7,5,3,0,1,0,0,0,0,0
414.5,12,9,3,2,2,0,0,0,0,0,0
415.5,20,7,8,0,0,1,0,0,0,0,0
416.5,13,5,4,0,2,1,0,0,1,0,0
417.5,7,8,3,2,0,0,0,0,0,0,0
418.5,14,6,3,1,0,1,0,0,0,0,0
419.5,12,3,5,1,1,0,0,0,0,1,0
420.5,8,1,4,3,0,0,0,0,0,1,0
421.5,12,10,9,0,0,0,0,0,0,1,0
422.5,7,5,5,1,1,0,0,0,0,0,0
423.5,7,6,1,0,0,1,0,0,0,1,0
424.5,8,5,4,2,0,0,0,0,0,0,0
425.5,10,3,4,1,0,0,0,0,0,0,0
426.5,13,7,6,1,0,0,0,0,0,0,0
427.5,10,6,5,3,1,0,0,0,0,2,0
428.5,10,5,6,1,0,1,1,0,0,0,0
429.5,9,7,6,4,0,0,0,0,0,0,0
430.5,7,6,7,2,0,1,0,0,0,1,0
431.5,13,5,3,2,0,0,0,0,0,0,0
432.5,20,2,4,3,0,0,1,0,0,0,0
433.5,16,7,6,1,0,0,0,0,0,0,0
434.5,12,6,7,1,1,0,0,0,0,0,0
435.5,12,8,7,0,1,1,0,0,0,1,0
436.5,13,3,3,1,0,1,0,0,0,0,0
437.5,11,8,8,0,1,0,0,0,1,0,0
438.5,11,2,4,1,0,0,0,0,0,0,0
439.5,12,9,3,2,0,1,0,0,0,1,0
440.5,20,8,2,0,0,0,0,0,0,0,0
441.5,13,9,5,4,0,0,0,0,0,0,0
442.5,9,3,2,0,1,0,0,0,0,1,0
443.5,13,7,5,0,0,1,0,0,0,1,0
444.5,10,9,7,0,0,1,0,0,0,0,0
445.5,20,3,6,0,0,1,0,0,0,1,0
446.5,11,4,7,0,2,0,0,0,0,1,0
447.5,7,6,3,1,0,1,0,0,0,0,0
448.5,10,7,10,0,0,1,0,0,0,0,0
449.5,9,7,5,2,1,0,0,0,0,1,0
450.5,14,4,0,0,0,1,0,0,0,1,0
451.5,8,4,5,0,0,0,0,0,0,0,0
452.5,6,7,3,0,0,0,0,0,0,0,0
453.5,7,4,2,3,0,0,0,0,0,1,0
454.5,7,3,6,1,0,0,0,0,0,0,0
455.5,5,8,5,0,0,0,0,0,0,0,0
456.5,9,5,5,0,0,0,0,0,0,0,0
457.5,5,5,6,0,0,1,0,0,1,0,0
458.5,10,4,6,0,0,0,0,0,0,1,0
459.5,14,6,5,2,0,0,0,0,0,0,0
460.5,7,4,2,3,0,0,0,0,0,0,0
461.5,10,13,5,1,0,0,0,0,0,0,0
462.5,17,6,6,2,0,0,0,0,0,0,0
463.5,8,6,2,1,0,1,0,0,0,1,0
464.5,4,4,4,3,1,0,0,0,0,0,0
465.5,8,8,3,0,0,0,1,0,0,0,0
466.5,12,8,5,0,0,0,0,0,0,0,0
467.5,11,6,5,1,0,0,0,0,0,0,0
468.5,8,6,3,0,0,0,0,0,0,0,0
469.5,7,5,3,1,0,0,0,0,0,0,0
470.5,10,7,3,1,1,0,0,0,1,0,0
471.5,12,7,9,0,1,1,0,0,0,0,0
472.5,8,8,5,0,0,0,0,0,0,0,0
473.5,15,8,9,2,0,0,0,0,0,0,0
474.5,7,8,2,0,0,0,0,0,0,0,0
475.5,13,10,4,1,1,0,0,0,0,2,0
476.5,13,9,6,0,0,0,0,0,0,0,0
477.5,3,6,4,1,0,0,0,0,0,0,0
478.5,6,3,3,0,3,0,0,0,0,1,0
479.5,13,6,5,0,1,1,0,0,0,0,0
480.5,9,9,4,0,0,0,0,0,0,0,0
481.5,12,7,6,0,0,0,0,0,0,0,0
482.5,9,1,6,0,0,0,0,0,0,1,0
483.5,8,7,3,0,0,0,0,0,1,0,0
484.5,9,2,6,1,1,0,0,0,0,0,0
485.5,9,7,3,0,1,0,0,0,0,0,0
486.5,11,6,8,0,1,0,0,0,0,0,0
487.5,8,4,8,0,0,0,0,0,0,0,0
488.5,10,4,7,0,1,0,0,0,0,1,0
489.5,7,8,6,1,1,0,0,0,0,0,0
490.5,10,4,4,0,1,1,0,0,0,0,0
491.5,4,3,4,0,1,0,0,0,0,0,0
492.5,4,3,4,1,0,0,0,0,0,0,0
493.5,2,3,3,0,0,0,0,0,0,0,0
494.5,9,5,2,0,0,0,0,0,0,0,0
495.5,5,2,4,0,0,0,0,0,0,0,0
496.5,10,2,9,0,0,0,0,0,0,1,0
497.5,7,3,5,0,0,0,0,0,0,0,0
498.5,9,6,3,0,0,0,0,0,0,1,0
499.5,0,6,3,0,0,0,0,0,0,0,0
500.5,10,3,5,2,0,0,0,0,0,0,0
501.5,3,4,9,0,0,0,0,0,0,0,0
502.5,3,4,3,0,0,0,0,0,0,0,0
503.5,4,8,7,0,0,0,0,0,0,0,0
504.5,8,3,4,0,0,0,1,0,0,0,0
505.5,1,5,8,0,0,0,0,0,0,0,0
506.5,8,8,6,2,0,0,0,0,0,0,0
507.5,13,6,3,1,0,1,0,0,0,0,0
508.5,12,12,4,2,0,0,0,0,0,1,0
509.5,24,18,4,0,1,0,0,0,1,0,0
510.5,29,24,6,1,0,0,0,0,0,4,0
511.5,28,14,7,1,0,1,0,0,0,0,0
512.5,33,17,6,0,0,0,0,0,0,1,0
513.5,25,32,1,2,0,0,0,0,0,0,0
514.5,30,23,2,2,0,0,0,0,0,0,0
515.5,47,28,7,1,0,1,0,0,0,0,0
516.5,35,26,4,1,0,1,0,0,0,0,0
517.5,23,17,6,0,0,0,0,0,1,0,0
518.5,18,17,7,2,0,0,0,0,0,0,0
519.5,19,20,5,0,1,0,0,0,0,0,0
520.5,14,16,4,1,0,1,0,0,0,0,0
521.5,13,10,7,0,0,0,1,0,0,0,0
522.5,8,15,2,1,1,0,0,0,0,0,0
523.5,8,8,5,2,1,0,0,0,0,0,0
524.5,7,7,9,0,1,0,0,0,0,0,0
525.5,4,3,4,1,1,0,0,0,0,1,0
526.5,8,4,5,0,0,0,0,0,0,0,0
527.5,4,4,6,1,1,0,0,0,0,1,0
528.5,5,7,6,1,0,1,0,0,0,0,0
529.5,3,5,6,3,0,0,0,0,0,0,0
530.5,7,3,3,0,0,0,0,0,0,0,0
531.5,5,3,4,1,0,0,0,0,0,1,0
532.5,2,5,5,0,0,0,0,0,0,0,0
533.5,3,2,1,1,0,0,0,0,0,0,0
534.5,3,0,3,1,0,0,0,0,0,0,0
535.5,3,1,6,0,0,0,0,0,0,0,0
536.5,1,7,6,0,0,0,0,0,0,0,0
537.5,4,3,2,0,0,0,0,0,0,0,0
538.5,2,3,7,0,0,0,0,0,0,1,0
539.5,5,3,2,0,1,0,0,0,0,0,0
540.5,0,3,7,2,0,0,0,0,0,1,0
541.5,2,4,3,0,0,0,0,0,0,0,0
542.5,4,1,7,0,0,0,0,0,0,2,0
543.5,4,5,6,0,0,0,0,0,0,0,0
544.5,1,6,7,1,0,0,0,0,0,0,0
545.5,5,2,3,0,0,0,0,0,0,1,0
546.5,5,1,4,1,0,0,1,0,1,0,0
547.5,2,4,7,2,2,0,0,0,0,0,0
548.5,6,7,2,0,0,0,0,0,0,0,0
549.5,3,2,3,0,0,0,0,0,0,0,0
550.5,3,2,1,1,2,0,0,0,0,0,0
551.5,4,4,2,0,1,0,0,0,0,0,0
552.5,5,1,0,1,1,0,0,0,0,0,0
553.5,8,8,7,0,3,0,0,0,0,0,0
554.5,3,4,5,1,0,0,0,0,0,0,0
555.5,7,3,5,2,2,0,0,0,0,0,0
556.5,3,3,5,1,3,0,0,0,1,1,0
557.5,6,4,2,1,3,0,0,0,0,1,0
558.5,4,0,6,2,2,0,0,0,0,0,0
559.5,3,2,3,0,1,2,0,0,0,0,0
560.5,5,4,5,1,2,0,0,0,0,0,0
561.5,5,1,7,0,1,0,0,0,0,0,0
562.5,2,3,4,0,0,0,0,0,0,0,0
563.5,1,1,3,0,0,0,0,0,0,0,0
564.5,0,1,4,0,0,0,0,0,0,0,0
565.5,3,3,5,1,0,1,0,0,0,0,0
566.5,4,1,1,0,0,0,0,0,1,1,0
567.5,5,1,6,1,0,0,0,0,0,0,0
568.5,1,1,4,0,0,1,0,0,0,0,0
569.5,4,0,2,2,0,0,0,0,0,2,0
570.5,5,3,3,2,1,0,0,0,0,0,0
571.5,3,4,8,0,0,0,0,0,0,1,0
572.5,0,3,3,0,0,0,0,0,0,1,0
573.5,5,4,2,0,0,0,0,0,0,1,0
574.5,2,1,9,0,0,0,0,0,0,0,0
575.5,3,6,4,0,0,0,0,0,1,0,0
576.5,11,9,4,0,0,0,0,0,0,0,0
577.5,20,17,4,1,0,0,0,0,0,0,0
578.5,15,14,2,0,0,0,0,0,0,0,0
579.5,20,31,5,0,0,0,0,0,0,0,0
580.5,30,27,3,0,0,0,0,0,0,0,0
581.5,46,33,5,1,0,0,0,0,0,0,0
582.5,53,39,3,1,0,0,0,0,1,0,0
583.5,47,40,5,0,0,0,0,0,1,0,0
584.5,43,38,6,0,0,0,0,0,0,0,0
585.5,57,41,5,1,0,0,0,0,0,0,0
586.5,48,41,3,0,0,0,0,0,0,0,0
587.5,29,39,4,0,0,0,0,0,0,1,0
588.5,45,36,2,0,0,1,0,0,1,0,0
589.5,39,29,5,3,0,0,0,0,0,0,0
590.5,21,27,2,1,0,0,0,0,0,1,0
591.5,14,8,8,1,0,0,0,0,0,0,0
592.5,19,12,6,1,0,0,0,0,0,0,0
593.5,15,6,6,0,0,0,0,0,0,0,0
594.5,5,3,1,0,0,0,0,0,0,1,0
595.5,2,0,6,0,0,0,0,0,0,0,0
596.5,2,2,2,1,0,0,0,0,0,0,0
597.5,2,2,4,0,0,0,0,0,0,1,0
598.5,1,2,2,0,0,0,0,0,0,0,0
599.5,3,0,2,1,0,0,0,0,0,0,0
600.5,3,1,1,1,0,1,0,0,0,0,0
601.5,3,3,9,1,0,0,1,0,0,1,0
602.5,2,1,2,0,0,0,0,0,0,0,0
603.5,0,3,5,2,1,0,0,0,0,0,0
604.5,2,2,2,0,0,0,0,0,0,0,0
605.5,2,1,5,0,0,0,0,0,0,1,0
606.5,2,2,3,0,0,0,0,0,0,0,0
607.5,1,0,2,0,0,1,0,0,0,0,0
608.5,3,2,5,0,0,0,0,0,0,0,0
609.5,0,2,6,1,0,0,1,0,0,0,0
610.5,1,0,4,0,0,0,0,0,0,0,0
611.5,0,0,5,0,0,0,0,0,0,0,0
612.5,1,0,2,0,0,0,0,0,1,0,0
613.5,1,2,4,2,0,0,0,0,0,0,0
614.5,0,0,7,0,0,0,0,0,0,0,0
615.5,2,1,2,0,0,0,0,0,0,0,0
616.5,1,1,4,0,0,0,0,0,0,0,0
617.5,0,2,3,0,0,0,0,0,0,0,0
618.5,0,1,8,1,0,0,0,0,0,0,0
619.5,2,2,4,0,0,1,0,0,0,0,0
620.5,0,1,5,0,0,0,0,0,0,1,0
621.5,0,0,6,0,0,0,0,0,0,0,0
622.5,1,0,3,2,0,0,0,0,0,0,0
623.5,1,2,3,1,0,0,0,0,0,0,0
624.5,0,2,4,0,0,0,0,0,0,0,0
625.5,1,1,3,0,0,0,0,0,0,0,0
626.5,0,1,7,1,0,0,0,0,0,0,0
627.5,4,1,5,0,0,0,0,0,0,1,0
628.5,0,0,6,0,0,0,0,0,0,0,0
629.5,0,1,7,0,0,0,0,0,0,1,0
630.5,1,0,4,0,1,0,0,0,0,0,0
631.5,0,0,7,0,0,0,0,0,0,0,0
632.5,0,1,5,0,0,0,0,0,0,0,0
633.5,0,1,4,1,0,0,0,0,0,0,0
634.5,0,1,5,0,0,1,0,0,0,1,0
635.5,2,0,7,0,0,0,0,0,0,0,0
636.5,1,1,3,2,0,0,0,0,0,0,0
637.5,2,3,4,0,0,0,0,0,0,0,0
638.5,3,2,4,1,0,0,0,0,0,0,0
639.5,0,1,2,0,0,1,0,0,0,0,0
640.5,1,2,3,0,0,0,0,0,0,0,0
641.5,0,1,5,0,0,1,0,0,0,0,0
642.5,2,1,6,1,0,0,0,0,0,0,0
643.5,0,2,1,0,0,0,0,0,0,0,0
644.5,0,1,3,1,0,0,0,0,0,1,0
645.5,1,0,0,1,0,0,0,0,0,0,0
646.5,1,2,6,1,0,0,0,0,0,1,0
647.5,0,4,3,1,0,0,0,0,0,0,0
648.5,1,3,7,1,0,0,0,0,0,0,0
649.5,3,3,4,1,0,0,1,0,0,1,0
650.5,1,2,2,0,0,0,0,0,0,0,0
651.5,0,0,4,0,0,0,0,0,0,0,0
652.5,3,1,4,0,0,0,0,0,0,1,0
653.5,0,0,4,0,0,0,0,0,0,0,0
654.5,1,2,2,0,0,0,0,0,0,1,0
655.5,1,0,1,1,0,0,0,0,0,0,0
656.5,3,2,4,0,0,0,0,0,0,0,0
657.5,3,1,3,0,0,0,0,0,1,0,0
658.5,0,1,4,0,0,0,0,0,0,0,0
659.5,1,1,4,0,0,0,0,0,1,0,0
660.5,1,0,3,0,0,0,0,0,0,0,0
661.5,0,0,1,1,0,0,0,0,0,0,0
662.5,0,0,1,0,0,0,0,0,1,0,0
663.5,2,0,2,0,0,0,0,0,0,0,0
664.5,0,2,0,0,0,0,0,0,0,0,0
665.5,2,0,0,0,0,0,0,0,0,0,0
666.5,0,1,0,1,0,0,0,0,0,0,0
667.5,3,0,2,1,0,0,0,0,0,0,0
668.5,2,0,2,1,0,0,0,0,0,0,0
669.5,1,0,5,1,0,0,0,0,0,0,0
670.5,1,2,3,0,0,0,0,0,0,0,0
671.5,0,1,2,1,0,0,0,0,0,0,0
672.5,1,0,1,2,0,1,0,0,0,1,0
673.5,1,0,5,0,0,0,1,0,0,0,0
674.5,0,1,3,0,0,0,0,0,0,0,0
675.5,1,1,4,2,0,0,0,0,0,1,0
676.5,1,0,2,1,0,0,0,0,0,0,0
677.5,0,1,3,1,0,0,0,0,0,0,0
678.5,0,0,1,2,0,0,0,0,0,0,0
679.5,1,0,3,1,0,0,0,1,0,0,0
680.5,1,0,3,0,0,0,0,0,0,0,0
681.5,1,1,2,0,0,1,0,0,0,0,0
682.5,0,1,3,0,0,0,0,0,0,1,0
683.5,0,1,2,0,0,0,0,0,0,0,0
684.5,3,1,4,0,0,1,0,0,0,0,0
685.5,1,1,1,0,0,0,0,0,0,0,0
686.5,2,1,1,0,0,0,0,0,0,0,0
687.5,1,0,4,0,0,0,0,0,0,0,0
688.5,0,4,4,0,0,0,0,0,1,1,0
689.5,2,0,5,0,0,0,0,0,0,0,0
690.5,1,0,5,1,0,0,0,0,0,0,0
691.5,1,1,3,0,0,0,0,0,0,0,0
692.5,0,0,4,0,0,0,0,0,0,0,0
693.5,1,0,4,0,1,0,0,0,0,0,0
694.5,1,0,5,1,0,0,0,0,0,0,0
695.5,0,1,5,1,0,0,0,0,0,0,0
696.5,1,0,4,0,0,0,0,0,0,0,0
697.5,0,0,2,0,0,0,0,0,0,0,0
698.5,1,0,4,2,0,0,0,0,0,1,0
699.5,1,0,2,0,0,0,0,0,0,0,0
700.5,2,0,2,2,0,0,0,0,0,0,0
701.5,0,2,1,0,1,0,0,0,0,0,0
702.5,0,0,1,0,0,0,0,0,0,1,0
703.5,2,1,1,1,0,0,0,0,0,0,0
704.5,0,0,2,0,0,0,0,0,0,0,0
705.5,0,1,3,2,0,1,0,0,0,0,0
706.5,0,1,1,2,0,0,0,0,0,0,0
707.5,1,1,2,0,0,0,0,0,0,0,0
708.5,1,2,3,0,0,0,0,0,0,0,0
709.5,0,1,3,2,0,0,0,0,0,0,0
710.5,1,2,6,0,0,0,0,0,0,0,0
711.5,0,1,2,0,0,0,0,0,1,0,0
712.5,1,1,2,0,0,0,0,0,0,0,0
713.5,1,0,2,1,0,0,0,0,0,0,0
714.5,0,0,1,1,0,0,0,0,0,0,0
715.5,2,1,2,0,0,0,0,0,1,0,0
716.5,2,2,4,0,0,0,1,0,0,0,0
717.5,0,2,3,0,0,0,0,0,0,0,0
718.5,0,1,2,0,0,0,0,0,0,1,0
719.5,1,0,1,0,0,0,0,0,0,1,0
720.5,1,1,2,0,0,0,0,0,0,0,0
721.5,0,0,3,0,0,0,0,0,1,0,0
722.5,1,1,1,0,0,0,0,0,0,0,0
723.5,2,2,3,0,0,0,0,0,0,0,0
724.5,1,0,2,0,0,0,0,0,0,0,0
725.5,1,1,5,0,0,0,0,0,0,0,0
726.5,1,1,1,0,0,0,0,0,0,1,0
727.5,2,2,7,1,0,1,0,0,0,0,0
728.5,1,0,1,0,0,0,1,0,0,0,0
729.5,1,0,1,0,0,0,0,0,0,0,0
730.5,0,0,4,0,0,2,0,0,0,0,0
731.5,2,2,6,0,0,0,0,0,0,1,0
732.5,0,1,3,0,0,0,0,0,0,0,0
733.5,2,5,3,0,0,0,0,0,0,0,0
734.5,0,0,1,0,0,0,0,0,0,0,0
735.5,0,0,1,1,0,0,0,0,0,0,0
736.5,1,2,3,1,0,0,0,0,0,0,0
737.5,0,1,3,0,1,0,0,0,0,0,0
738.5,0,1,4,0,0,0,0,0,0,1,0
739.5,1,0,2,0,0,0,0,0,0,0,0
740.5,0,2,0,0,0,0,0,0,0,0,0
741.5,0,0,3,0,0,0,0,0,1,1,0
742.5,1,1,3,0,0,0,1,0,1,0,0
743.5,0,2,0,1,0,0,0,0,0,0,0
744.5,0,1,0,0,0,0,0,0,0,0,0
745.5,1,0,3,0,0,0,0,0,0,0,0
746.5,0,0,4,0,0,0,0,0,0,0,0
747.5,0,1,3,0,0,0,0,0,0,0,0
748.5,2,1,2,2,1,0,0,0,0,0,0
749.5,2,4,2,1,0,0,0,0,0,0,0
750.5,1,1,1,1,0,0,0,0,0,0,0
751.5,0,2,2,0,0,0,0,0,1,0,0
752.5,3,1,5,0,0,0,0,0,1,0,0
753.5,1,0,5,1,0,0,0,0,0,0,0
754.5,0,1,3,2,0,1,0,0,0,0,0
755.5,1,0,3,0,0,0,0,0,0,0,0
756.5,2,0,5,0,0,0,0,0,0,0,0
757.5,1,0,0,0,0,0,0,0,0,0,0
758.5,0,0,2,0,0,0,0,0,0,0,0
759.5,2,0,2,1,0,0,0,0,0,0,0
760.5,1,1,6,0,0,0,0,0,0,0,0
761.5,1,1,2,0,0,0,0,0,0,1,0
762.5,1,0,5,2,0,0,0,0,0,0,0
763.5,0,1,2,1,0,0,0,0,0,0,0
764.5,0,1,3,0,0,0,0,0,0,1,0
765.5,2,0,6,0,0,0,0,0,0,0,0
766.5,1,0,5,0,0,0,0,0,0,1,0
767.5,0,0,1,0,0,1,0,0,1,0,0
768.5,1,1,2,1,0,0,0,0,0,0,0
769.5,1,0,3,0,0,0,0,0,0,1,0
770.5,1,1,3,0,0,0,0,0,0,0,0
771.5,2,1,1,0,0,0,0,0,0,0,0
772.5,2,0,0,0,0,0,0,0,0,1,0
773.5,0,1,5,0,0,0,0,0,0,0,0
774.5,0,2,0,0,0,0,0,0,0,0,0
776.5,2,0,1,0,0,1,0,0,0,0,0
777.5,0,1,1,0,0,0,0,0,0,0,0
778.5,0,1,3,0,0,0,0,0,0,1,0
779.5,0,0,1,0,1,1,0,0,0,0,0
780.5,0,0,1,0,0,0,0,0,0,0,0
781.5,1,0,1,0,0,0,1,0,0,1,0
782.5,0,0,5,0,0,1,0,0,0,0,0
783.5,1,0,1,0,0,0,0,0,0,0,0
784.5,0,0,4,0,0,0,0,0,1,0,0
785.5,0,0,5,0,0,0,0,0,0,0,0
786.5,0,0,2,0,0,0,0,0,0,0,0
787.5,1,0,1,0,0,0,0,0,0,1,0
788.5,2,0,3,2,0,0,0,0,0,0,0
789.5,0,0,5,0,0,0,0,0,0,0,0
790.5,0,0,2,0,0,0,0,0,0,2,0
791.5,1,0,1,0,0,0,0,0,0,0,0
792.5,1,0,3,0,0,0,0,0,0,0,0
793.5,0,0,1,0,0,0,0,0,0,1,0
794.5,1,1,0,0,0,0,0,0,0,0,0
795.5,1,0,2,0,0,0,0,0,0,1,0
796.5,0,1,1,0,0,0,0,0,0,2,0
797.5,0,1,3,0,0,0,0,0,0,0,0
798.5,1,0,6,0,0,0,0,0,0,0,0
799.5,0,0,0,1,0,0,0,0,0,0,0
800.5,0,0,2,0,0,0,0,0,0,0,0
801.5,0,1,2,0,0,1,0,0,0,0,0
802.5,0,0,4,2,0,0,0,0,0,0,0
803.5,2,0,3,0,0,0,0,0,0,0,0
804.5,0,0,5,0,0,0,0,0,0,0,0
805.5,0,1,1,0,0,0,0,0,0,0,0
806.5,0,0,2,0,0,0,0,0,0,0,0
807.5,1,2,4,1,0,0,0,0,1,0,0
808.5,0,1,1,0,0,1,1,0,0,0,0
809.5,1,0,1,1,1,0,0,0,0,0,0
810.5,1,0,0,1,0,0,0,0,0,0,0
811.5,0,0,0,1,0,0,0,0,1,0,0
812.5,0,0,3,2,0,0,0,0,0,0,0
813.5,0,0,3,0,0,0,0,0,0,1,0
814.5,1,0,2,0,0,1,0,0,0,1,0
815.5,1,0,0,0,1,0,0,0,1,0,0
816.5,1,1,2,0,0,0,0,0,0,1,0
817.5,0,0,0,1,0,1,0,0,0,1,0
818.5,0,2,4,0,0,0,0,0,0,1,0
819.5,0,0,2,0,0,0,0,0,0,0,0
820.5,1,1,2,0,0,0,0,0,0,0,0
821.5,0,0,3,0,0,0,0,0,0,0,0
822.5,0,0,1,0,0,0,0,0,0,1,0
823.5,0,0,2,0,0,0,0,0,0,0,0
824.5,1,1,3,0,0,0,0,0,0,0,0
825.5,1,0,2,0,0,0,0,0,0,1,0
826.5,0,1,3,1,0,0,0,0,0,0,0
827.5,1,1,1,1,0,1,0,0,0,0,0
828.5,0,0,1,0,0,0,0,0,0,0,0
829.5,0,0,4,0,0,0,0,0,0,0,0
830.5,0,0,1,0,0,0,0,0,0,0,0
831.5,0,2,5,0,0,0,0,0,0,0,0
832.5,0,0,1,1,1,0,0,0,0,0,0
833.5,0,0,1,0,0,0,1,0,0,0,0
834.5,0,1,2,0,0,0,0,0,0,0,0
835.5,0,0,1,0,0,0,0,0,0,0,0
836.5,0,0,2,0,0,0,0,0,1,0,0
837.5,0,1,3,1,0,0,0,0,0,0,0
838.5,1,2,3,0,0,0,0,0,0,1,0
839.5,1,0,2,0,0,0,0,0,0,0,0
840.5,1,0,3,0,0,0,0,0,0,0,0
841.5,0,0,6,0,0,0,0,0,0,0,0
842.5,0,0,2,1,0,0,0,0,0,0,0
843.5,1,0,1,0,0,0,0,0,0,0,0
844.5,1,2,0,0,0,0,0,0,0,0,0
845.5,0,1,5,0,0,1,0,0,1,1,0
846.5,0,0,2,0,0,0,0,0,1,0,0
847.5,0,3,3,0,0,0,0,0,0,0,0
848.5,0,0,5,0,0,0,0,0,0,1,0
849.5,0,3,0,0,0,0,0,0,0,0,0
850.5,1,1,1,1,0,0,0,0,0,0,0
851.5,1,0,0,0,0,0,0,0,0,1,0
852.5,0,1,1,0,0,0,0,0,1,1,0
853.5,2,1,4,0,0,0,0,0,0,0,0
854.5,0,0,1,1,0,0,0,0,1,0,0
855.5,1,1,4,0,0,0,0,0,0,0,0
856.5,0,0,3,0,0,0,0,0,1,0,0
857.5,3,3,1,0,0,0,0,1,0,0,0
858.5,3,1,2,0,0,0,0,0,0,1,0
859.5,3,3,3,0,0,0,0,0,0,0,0
860.5,2,2,4,0,0,0,0,0,0,0,0
861.5,2,1,2,0,0,0,0,0,0,0,0
862.5,1,1,3,0,0,0,0,0,0,0,0
863.5,2,5,3,0,0,0,0,0,2,0,0
864.5,2,5,4,1,0,0,0,0,0,0,0
865.5,3,5,4,0,0,0,0,0,0,0,0
866.5,1,7,4,0,0,0,0,0,0,0,0
867.5,4,2,4,0,0,0,0,0,0,0,0
868.5,1,0,3,0,0,0,1,0,0,0,0
869.5,1,3,3,1,0,0,0,0,0,0,0
870.5,0,4,2,0,0,0,0,0,0,0,0
871.5,1,2,2,0,0,0,0,0,0,0,0
872.5,0,1,3,0,0,0,0,0,0,0,0
873.5,1,0,2,0,0,0,0,0,0,1,0
874.5,2,1,1,1,0,0,0,0,1,0,0
875.5,0,2,3,0,0,0,0,0,0,0,0
876.5,1,0,1,1,0,0,0,0,0,0,0
877.5,1,1,5,1,0,0,0,0,0,0,0
878.5,0,0,1,0,0,0,0,0,0,0,0
879.5,0,0,2,0,0,0,0,0,0,1,0
880.5,1,0,2,1,0,0,0,0,0,2,0
881.5,0,0,2,0,0,0,0,0,0,0,0
882.5,0,0,2,2,0,0,0,0,0,0,0
883.5,0,0,3,0,0,0,0,0,0,0,0
884.5,1,0,0,0,0,0,0,0,0,0,0
885.5,0,2,4,0,0,0,0,0,1,1,0
886.5,0,1,0,1,0,0,0,0,0,0,0
887.5,0,4,1,0,0,0,0,0,0,0,0
888.5,0,1,1,0,0,0,0,0,0,0,0
889.5,0,1,3,0,0,0,0,0,1,0,0
890.5,0,0,1,0,0,0,0,0,0,0,0
891.5,2,0,2,0,0,0,0,0,0,0,0
892.5,0,0,1,1,0,0,0,0,1,0,0
893.5,1,0,0,1,0,0,0,0,1,0,0
894.5,0,0,3,1,0,0,0,0,0,0,0
895.5,0,0,2,0,0,0,0,0,0,0,0
896.5,0,0,1,0,0,0,0,0,0,0,0
897.5,0,0,3,0,0,0,0,0,0,2,0
898.5,0,0,1,0,0,0,0,0,0,0,0
899.5,0,0,3,0,0,0,0,0,0,0,0
900.5,0,0,3,1,0,0,0,0,1,0,0
901.5,0,3,1,0,0,1,0,0,0,0,0
902.5,0,0,3,0,0,0,0,0,0,0,0
903.5,0,0,2,0,0,0,0,0,0,0,0
904.5,0,0,0,1,0,1,0,0,0,0,0
905.5,0,0,2,0,0,0,0,0,0,0,0
906.5,0,1,1,0,0,0,0,0,0,0,0
907.5,0,0,1,1,0,0,0,0,0,0,0
908.5,0,0,2,1,0,0,0,0,0,0,0
909.5,1,0,0,0,0,0,0,0,1,0,0
910.5,0,0,2,0,0,0,0,0,0,0,0
911.5,0,0,2,0,0,0,0,0,1,0,0
912.5,0,1,1,0,0,1,0,0,1,0,0
913.5,0,1,0,1,0,0,0,0,0,0,0
914.5,0,1,2,0,0,0,0,0,0,0,0
915.5,0,0,3,0,0,0,0,0,0,0,0
916.5,0,1,1,0,0,0,0,0,0,0,0
917.5,0,0,1,0,0,0,0,0,1,0,0
918.5,0,0,2,2,0,0,0,1,0,0,0
919.5,0,1,3,0,0,0,0,0,0,0,0
920.5,0,0,2,1,0,0,0,0,0,0,0
921.5,0,1,0,0,0,0,0,0,0,0,0
922.5,0,0,4,0,0,0,0,0,0,0,0
923.5,0,0,1,0,0,0,0,0,0,0,0
924.5,0,0,2,0,0,0,0,0,0,0,0
925.5,0,0,4,0,0,0,0,0,0,0,0
926.5,0,0,2,0,0,0,0,0,0,0,0
927.5,0,0,3,1,0,0,0,0,0,1,0
928.5,0,0,4,0,0,0,0,0,0,0,0
929.5,0,0,1,3,0,0,0,0,0,1,0
930.5,0,0,1,0,0,0,0,0,0,1,0
931.5,0,0,5,0,0,0,0,0,1,2,0
932.5,0,0,2,0,0,0,0,0,0,0,0
933.5,0,0,5,0,0,0,0,0,0,0,0
934.5,0,0,1,0,0,0,0,0,1,0,0
935.5,1,0,2,1,0,0,0,0,1,0,0
936.5,0,0,5,0,0,0,0,0,0,0,0
937.5,0,1,0,1,0,0,0,0,0,1,0
938.5,1,0,3,1,0,0,0,0,0,0,0
939.5,0,0,2,0,0,0,0,0,0,0,0
940.5,0,0,3,0,0,0,0,0,0,0,0
941.5,0,0,2,0,0,0,0,0,0,0,0
942.5,0,0,2,0,0,0,1,0,1,1,0
943.5,0,0,3,0,0,0,0,0,0,0,0
944.5,0,0,1,0,0,0,0,0,0,0,0
945.5,0,0,1,0,0,0,0,0,0,0,0
946.5,0,1,4,0,0,0,0,0,0,1,0
947.5,1,0,4,0,0,0,0,0,0,0,0
948.5,0,0,3,0,0,0,0,0,0,0,0
949.5,1,0,2,0,0,0,0,0,0,1,0
950.5,2,0,1,0,0,0,0,0,0,0,0
951.5,0,1,1,0,0,0,0,0,0,0,0
953.5,0,0,1,0,0,0,0,0,0,0,0
954.5,0,0,2,0,0,0,0,0,0,0,0
955.5,0,0,3,0,0,0,0,0,0,1,0
956.5,0,1,2,1,0,0,0,0,0,0,0
957.5,0,0,2,0,0,0,0,0,0,0,0
958.5,0,0,2,0,0,0,0,0,0,0,0
959.5,1,1,2,0,0,0,0,0,0,0,0
960.5,1,0,1,0,0,0,0,0,0,0,0
961.5,0,0,0,0,0,1,0,0,0,0,0
963.5,1,0,1,1,0,0,1,0,0,0,0
964.5,0,0,1,0,0,0,0,0,0,0,0
965.5,1,1,1,0,0,0,0,0,0,0,0
966.5,1,0,4,1,0,0,0,0,0,0,0
967.5,0,0,4,0,0,0,0,0,0,0,0
968.5,0,1,5,0,0,0,0,0,0,0,0
969.5,0,0,4,0,0,0,0,0,0,0,0
970.5,0,1,1,0,0,0,0,0,0,0,0
971.5,1,1,2,1,0,0,0,0,0,0,0
972.5,0,1,2,0,0,0,0,0,0,1,0
973.5,0,1,3,1,0,0,0,0,0,1,0
974.5,0,1,3,0,0,0,0,0,0,0,0
975.5,0,0,4,0,0,0,0,0,0,0,0
976.5,0,3,1,0,0,0,0,0,0,0,0
977.5,0,0,0,2,0,0,0,0,0,0,0
978.5,0,1,4,0,0,0,0,0,1,0,0
979.5,0,0,3,0,0,0,0,0,0,0,0
980.5,0,0,2,0,0,0,0,0,0,0,0
981.5,0,0,2,0,0,0,0,0,0,0,0
982.5,0,0,1,0,0,0,0,0,0,0,0
983.5,0,0,1,0,0,0,0,0,0,0,0
984.5,0,2,1,0,0,0,0,0,0,0,0
985.5,0,0,5,0,0,0,0,0,1,0,0
986.5,0,0,2,0,0,0,0,0,0,0,0
987.5,0,0,4,0,0,0,0,0,0,0,0
988.5,1,0,2,0,0,0,0,0,0,0,0
989.5,1,0,2,0,0,0,0,0,0,1,0
990.5,0,0,3,0,0,0,0,0,0,0,0
991.5,0,0,2,0,0,0,0,0,0,0,0
992.5,0,0,2,1,0,0,0,0,0,0,0
993.5,1,0,2,0,0,0,0,0,0,0,0
994.5,0,0,3,0,0,0,0,0,0,0,0
995.5,0,1,0,0,0,0,1,0,0,0,0
996.5,0,0,1,1,0,1,0,0,0,0,0
997.5,1,1,4,0,0,1,0,0,0,0,0
998.5,0,0,2,0,0,0,0,0,0,0,0
999.5,0,1,0,0,0,0,0,0,0,0,0
1001.5,0,0,1,0,0,0,0,0,0,0,0
1002.5,0,1,1,1,0,0,0,0,0,0,0
1003.5,0,0,2,1,0,0,0,0,0,0,0
1004.5,0,0,1,0,0,0,0,0,1,0,0
1005.5,0,1,2,0,0,0,0,0,0,0,0
1006.5,0,0,1,1,0,0,0,0,0,0,0
1007.5,0,1,2,1,0,0,0,0,0,0,0
1008.5,1,0,3,0,0,0,0,0,0,0,0
1009.5,0,0,1,0,0,0,0,0,0,0,0
1010.5,0,0,5,1,0,1,0,0,0,0,0
1011.5,0,0,3,0,0,0,0,0,0,0,0
1012.5,1,0,1,0,0,0,0,0,1,0,0
1013.5,1,0,4,1,0,0,0,0,0,0,0
1014.5,0,0,3,0,0,0,0,0,0,0,0
1015.5,0,1,0,1,0,0,0,0,0,0,0
1016.5,0,1,2,0,0,0,0,0,0,0,0
1017.5,0,0,1,0,0,0,0,0,0,0,0
1018.5,1,0,3,0,0,0,0,0,1,0,0
1019.5,0,1,3,0,0,0,0,0,0,1,0
1020.5,1,0,1,1,0,0,0,0,0,0,0
1021.5,0,0,1,0,0,0,0,0,0,0,0
1023.5,0,0,4,0,0,0,0,0,0,0,0
1024.5,1,0,2,0,0,0,0,0,0,1,0
1026.5,0,1,1,0,0,0,0,0,0,0,0
1027.5,0,0,2,0,0,0,0,0,0,0,0
1028.5,0,0,3,0,0,0,0,0,0,0,0
1029.5,0,0,2,0,0,0,0,0,1,0,0
1031.5,0,0,3,0,0,0,0,0,0,0,0
1032.5,0,1,2,0,0,0,0,0,0,0,0
1033.5,1,0,0,0,0,0,0,0,1,0,0
1034.5,0,0,1,0,0,0,0,0,0,0,0
1035.5,0,0,1,0,0,0,0,0,1,0,0
1036.5,0,0,4,0,0,0,1,0,0,0,0
1037.5,0,0,1,0,0,0,0,0,0,0,0
1038.5,0,0,2,0,0,0,0,0,1,0,0
1039.5,0,0,1,0,0,0,0,0,1,1,0
1040.5,0,2,1,0,0,0,0,0,0,0,0
1041.5,0,1,5,0,0,0,0,0,0,0,0
1042.5,0,0,2,0,0,0,0,0,0,0,0
1043.5,0,1,1,0,0,0,0,0,1,0,0
1044.5,0,0,1,0,0,0,0,0,0,1,0
1046.5,0,0,1,0,0,0,0,0,0,0,0
1047.5,0,0,2,0,0,0,0,0,0,0,0
1048.5,0,0,1,0,0,0,0,0,0,0,0
1049.5,0,0,3,0,0,0,0,0,0,0,0
1050.5,0,0,2,1,0,0,0,0,0,0,0
1051.5,1,0,2,0,0,0,0,0,0,0,0
1052.5,0,1,6,0,0,0,0,0,0,0,0
1053.5,1,1,2,0,0,0,0,0,0,0,0
1054.5,0,1,6,0,0,0,0,0,0,0,0
1055.5,0,0,2,0,0,0,0,0,0,0,0
1056.5,0,0,2,0,0,0,0,0,0,0,0
1057.5,0,1,3,0,0,0,0,0,0,0,0
1058.5,0,1,3,0,0,0,0,0,0,0,0
1059.5,0,0,4,0,0,0,0,0,0,0,0
1060.5,0,0,2,0,0,0,0,0,0,0,0
1061.5,0,0,2,1,0,0,0,0,0,0,0
1063.5,0,0,1,0,0,0,0,0,0,0,0
1064.5,0,1,0,0,0,0,0,0,0,0,0
1065.5,1,0,1,0,0,0,0,0,0,0,0
1066.5,0,0,3,0,0,0,0,0,0,0,0
1067.5,0,0,3,0,0,0,0,0,0,0,0
1068.5,0,1,1,0,0,0,0,0,0,0,0
1069.5,1,0,2,0,0,0,0,0,0,0,0
1070.5,0,0,1,0,0,0,0,0,0,0,0
1072.5,0,1,4,1,0,0,0,0,0,0,0
1073.5,1,0,1,1,0,0,0,0,0,0,0
1074.5,0,0,1,0,0,0,0,0,0,1,0
1075.5,0,0,2,0,0,0,0,0,0,0,0
1076.5,0,0,4,0,0,0,0,0,0,0,0
1077.5,1,0,1,0,0,0,0,0,0,0,0
1078.5,0,0,0,1,0,0,0,0,0,0,0
1079.5,0,0,2,1,0,0,0,0,1,0,0
1080.5,0,0,2,0,0,0,0,0,0,1,0
1081.5,0,0,2,0,0,0,0,0,1,0,0
1082.5,0,1,1,0,0,0,0,0,0,1,0
1083.5,0,2,0,0,0,0,0,0,1,0,0
1084.5,1,0,4,0,0,0,0,0,1,0,0
1085.5,0,0,1,0,0,0,0,0,0,0,0
1086.5,0,1,1,0,0,1,0,0,1,0,0
1087.5,1,0,1,0,0,0,0,0,0,0,0
1088.5,1,0,2,0,0,0,0,0,0,0,0
1089.5,0,1,6,0,0,0,0,0,0,0,0
1090.5,0,1,1,0,0,0,0,0,0,0,0
1091.5,0,0,2,0,1,1,0,0,0,0,0
1092.5,0,0,3,0,0,0,0,0,0,0,0
1093.5,0,1,2,0,0,0,0,0,0,0,0
1094.5,0,0,1,0,0,0,0,0,1,1,0
1095.5,0,1,2,0,0,0,0,0,0,0,0
1096.5,0,2,2,1,0,0,0,0,0,0,0
1099.5,0,0,1,2,0,0,0,0,0,0,0
1100.5,0,0,1,0,0,0,0,0,0,0,0
1101.5,0,0,1,0,0,0,0,0,1,0,0
1102.5,0,0,1,0,0,0,0,0,0,0,0
1103.5,0,1,3,0,0,0,0,0,0,0,0
1104.5,0,0,1,0,0,0,0,0,0,0,0
1105.5,0,0,2,0,0,0,0,0,1,0,0
1106.5,0,0,3,0,0,0,0,0,0,0,0
1107.5,0,1,0,0,0,0,0,0,0,0,0
1108.5,1,1,3,0,0,0,0,0,0,0,0
1109.5,0,0,2,0,0,0,0,0,0,0,0
1110.5,0,0,2,0,0,0,0,0,0,1,0
1111.5,0,0,3,0,0,0,0,0,0,1,0
1112.5,0,0,2,0,0,0,0,0,0,0,0
1113.5,0,1,1,0,0,0,0,0,0,0,0
1114.5,0,0,2,0,0,0,0,0,0,0,0
1115.5,0,0,5,0,0,0,0,0,0,1,0
1116.5,1,0,2,0,0,0,0,0,0,1,0
1117.5,1,0,3,0,0,0,0,0,0,0,0
1118.5,0,0,3,0,0,0,0,0,1,0,0
1119.5,0,0,1,1,0,0,0,0,0,0,0
1120.5,0,1,2,1,0,0,0,0,0,0,0
1121.5,0,1,1,1,0,0,0,0,1,0,0
1122.5,0,0,1,1,0,0,0,0,0,0,0
1123.5,0,1,3,0,0,0,1,0,0,0,0
1124.5,1,1,0,0,0,0,0,0,0,0,0
1125.5,0,0,1,0,0,0,0,0,0,0,0
1126.5,0,1,3,0,0,0,0,0,1,0,0
1127.5,0,0,3,1,0,0,0,0,0,0,0
1128.5,0,0,3,0,0,0,0,0,0,0,0
1129.5,0,0,1,0,0,0,0,0,0,0,0
1130.5,0,0,2,0,0,0,0,0,0,0,0
1131.5,1,0,3,0,0,1,0,0,0,0,0
1132.5,0,0,2,0,0,0,0,1,0,0,0
1133.5,0,0,1,0,0,0,0,0,0,0,0
1134.5,0,0,1,0,0,0,0,0,0,0,0
1135.5,0,0,4,0,0,0,0,0,0,0,0
1136.5,0,0,2,1,0,0,0,0,0,0,0
1137.5,0,2,4,0,0,0,0,0,0,0,0
1138.5,0,0,3,1,0,0,0,0,0,0,0
1139.5,0,0,1,0,0,0,0,0,0,0,0
1140.5,1,0,2,0,0,0,0,0,0,0,0
1141.5,1,0,1,0,0,0,0,0,0,0,0
1142.5,0,0,1,0,0,0,0,0,0,1,0
1143.5,1,0,4,0,0,0,0,0,0,0,0
1144.5,0,0,2,0,0,1,0,0,0,0,0
1145.5,0,0,2,1,0,0,0,0,0,0,0
1146.5,0,0,1,1,0,0,0,0,0,0,0
1147.5,0,0,2,0,0,0,0,0,0,0,0
1148.5,0,0,1,0,0,0,0,0,0,0,0
1149.5,1,1,2,0,0,1,0,0,0,0,0
1150.5,0,0,2,0,0,0,0,0,0,0,0
1151.5,0,1,0,0,0,0,0,0,0,0,0
1152.5,0,0,5,0,0,0,0,0,0,1,0
1153.5,0,0,1,0,0,0,0,0,1,0,0
1154.5,0,0,5,0,0,0,0,0,0,0,0
1156.5,0,0,2,0,0,0,0,0,0,0,0
1157.5,0,0,2,0,0,0,0,0,0,0,0
1159.5,0,0,1,0,0,0,0,0,0,1,0
1161.5,0,0,2,0,0,0,0,0,0,0,0
1162.5,0,0,2,0,0,0,0,0,0,0,0
1163.5,0,0,2,0,1,0,0,0,1,0,0
1165.5,0,0,3,1,0,0,0,0,0,0,0
1166.5,0,2,0,0,0,0,0,0,0,0,0
1167.5,0,0,2,0,0,0,0,0,1,0,0
1168.5,0,0,1,0,0,0,0,0,0,2,0
1169.5,0,1,2,0,0,0,0,0,0,0,0
1170.5,0,0,0,1,0,0,0,0,0,0,0
1171.5,0,0,1,0,0,0,0,0,0,0,0
1172.5,0,0,1,0,0,0,0,0,0,0,0
1173.5,0,0,1,1,0,0,0,0,0,0,0
1174.5,0,0,1,0,0,0,0,0,0,0,0
1175.5,0,0,4,1,0,0,0,0,0,0,0
1176.5,0,1,0,0,0,0,0,0,0,0,0
1177.5,0,0,1,0,0,0,0,1,0,1,0
1178.5,0,0,2,0,0,0,0,0,0,0,0
1179.5,0,0,2,0,0,0,0,0,0,0,0
1181.5,0,0,1,0,0,0,0,0,0,0,0
1182.5,0,0,1,0,0,0,0,0,0,0,0
1183.5,0,0,1,0,0,0,0,0,0,0,0
1184.5,0,0,1,0,0,0,0,0,0,0,0
1186.5,0,0,1,0,0,0,0,0,0,0,0
1187.5,0,0,1,0,0,0,0,0,0,0,0
1188.5,0,1,0,0,0,0,0,0,0,0,0
1189.5,0,0,2,0,0,0,0,0,0,0,0
1190.5,0,0,1,0,0,0,0,0,0,0,0
1191.5,1,2,3,0,0,0,0,0,0,0,0
1192.5,0,0,0,1,0,0,0,0,0,0,0
1193.5,1,0,0,0,0,0,0,0,0,0,0
1194.5,0,0,2,1,0,0,0,0,0,0,0
1196.5,0,1,1,0,0,0,0,0,0,0,0
1197.5,0,1,1,1,0,0,0,0,0,1,0
1198.5,0,0,3,0,0,0,0,0,0,0,0
1202.5,0,0,1,0,0,0,0,0,1,0,0
1203.5,0,0,1,0,0,0,0,0,1,0,0
1204.5,0,0,2,1,0,0,0,0,0,0,0
1205.5,0,0,1,0,0,0,0,0,1,0,0
1206.5,0,0,3,0,0,0,0,0,1,0,0
1207.5,0,0,2,0,0,0,0,0,0,0,0
1208.5,0,1,2,0,0,0,0,0,0,0,0
1209.5,0,0,3,0,0,0,0,0,0,0,0
1210.5,0,0,1,1,0,0,0,0,0,0,0
1211.5,0,0,1,0,0,0,0,0,0,0,0
1212.5,0,0,2,1,0,0,0,0,0,0,0
1213.5,0,0,2,1,0,0,0,0,1,0,0
1214.5,0,0,0,0,0,0,0,0,2,0,0
1215.5,0,0,1,0,0,0,0,0,0,0,0
1216.5,0,0,2,0,0,0,0,1,0,0,0
1217.5,0,1,3,0,0,0,0,0,0,0,0
1218.5,0,0,1,0,1,0,0,0,0,0,0
1219.5,0,0,1,0,0,0,0,0,0,1,0
1220.5,0,0,0,0,0,0,0,0,0,1,0
1221.5,0,1,2,0,0,0,0,0,0,0,0
1222.5,0,0,1,1,0,1,0,0,0,0,0
1223.5,0,1,2,0,0,0,0,0,0,0,0
1224.5,0,0,0,0,0,0,0,0,1,0,0
1225.5,0,0,2,0,1,0,0,0,0,0,0
1227.5,0,0,1,0,0,0,0,0,1,0,0
1228.5,0,1,2,2,0,0,1,0,0,0,0
1229.5,0,0,2,0,0,0,0,0,0,0,0
1230.5,0,0,2,0,0,0,0,0,1,0,0
1231.5,0,1,0,0,0,0,0,0,0,0,0
1232.5,1,0,1,0,0,0,0,0,0,0,0
1233.5,0,0,2,0,0,0,0,0,1,1,0
1234.5,0,0,3,0,0,0,0,0,1,0,0
1236.5,0,1,2,1,0,0,0,0,0,0,0
1237.5,0,0,3,0,0,0,0,0,0,0,0
1240.5,0,0,1,0,0,0,0,0,1,1,0
1241.5,0,0,1,0,0,0,0,0,0,0,0
1242.5,1,1,1,1,0,0,0,0,0,0,0
1243.5,0,0,1,0,0,0,0,0,0,0,0
1244.5,0,0,1,0,0,0,0,0,0,0,0
1245.5,0,0,3,0,0,0,0,0,0,0,0
1246.5,0,0,1,0,0,0,0,0,0,0,0
1247.5,0,0,2,0,0,0,0,0,1,0,0
1248.5,0,0,1,0,0,0,0,0,0,0,0
1249.5,0,1,2,0,0,0,0,0,0,0,0
1251.5,1,0,0,0,0,0,0,0,0,1,0
1252.5,1,1,1,2,0,0,0,0,0,0,0
1253.5,0,0,1,0,0,0,0,0,0,0,0
1254.5,0,0,1,0,0,0,0,0,0,0,0
1255.5,0,1,1,1,0,0,0,0,0,0,0
1256.5,0,2,2,0,0,0,0,0,0,0,0
1257.5,0,0,1,0,0,0,0,0,0,0,0
1258.5,0,0,1,0,0,0,0,0,1,0,0
1259.5,0,0,2,0,0,0,0,0,0,0,0
1260.5,0,1,3,0,0,0,0,0,0,0,0
1261.5,0,0,3,0,0,0,0,0,0,0,0
1262.5,1,0,2,0,0,0,0,0,0,0,0
1263.5,0,0,1,0,0,0,0,0,0,0,0
1264.5,0,0,2,0,0,0,0,0,0,0,0
1265.5,1,0,1,0,0,0,0,0,0,1,0
1266.5,0,0,1,1,0,0,0,0,1,0,0
1267.5,0,0,2,0,0,0,0,0,0,0,0
1268.5,0,0,4,0,0,0,0,0,0,0,0
1269.5,0,0,0,1,0,0,0,0,1,0,0
1270.5,1,0,2,0,0,0,0,0,0,0,0
1271.5,0,0,1,0,0,0,0,0,0,0,0
1272.5,0,1,0,0,0,0,0,0,0,0,0
1273.5,0,0,1,0,0,0,0,0,0,1,0
1274.5,0,0,1,0,0,0,0,0,0,0,0
1275.5,0,0,1,0,0,0,0,0,0,0,0
1276.5,0,1,1,0,0,0,0,0,0,0,0
1277.5,0,0,2,0,0,0,0,0,0,0,0
1278.5,0,0,3,0,0,0,0,0,0,0,0
1279.5,0,0,0,0,0,0,0,0,1,0,0
1281.5,0,0,2,1,0,0,0,0,0,0,0
1282.5,0,0,1,0,0,0,0,0,0,0,0
1283.5,0,1,1,1,0,0,0,0,1,0,0
1285.5,0,0,2,0,0,1,0,0,0,0,0
1286.5,0,0,3,2,0,0,0,0,1,0,0
1287.5,0,0,2,0,0,0,0,0,1,0,0
1288.5,0,0,2,0,0,0,0,1,0,0,0
1289.5,0,0,5,0,0,0,0,0,0,0,0
1290.5,0,0,0,0,0,0,1,0,0,0,0
1291.5,0,0,1,0,0,0,0,0,1,0,0
1292.5,0,0,3,0,0,0,0,0,1,0,0
1293.5,0,1,2,0,0,0,0,0,0,0,0
1294.5,0,0,2,0,0,0,0,0,0,0,0
1295.5,1,0,1,1,0,0,0,1,0,0,0
1296.5,0,0,1,0,0,0,0,0,0,0,0
1298.5,0,0,2,0,0,0,0,0,0,0,0
1299.5,0,0,1,1,0,0,0,2,0,0,0
1300.5,0,0,1,0,0,0,0,0,0,0,0
1301.5,0,0,2,0,0,0,0,0,0,0,0
1302.5,0,0,1,0,0,0,0,0,0,0,0
1303.5,0,0,1,0,0,0,0,0,0,0,0
1304.5,0,1,2,1,0,1,0,0,0,1,0
1305.5,0,0,3,0,0,0,0,0,1,0,0
1306.5,0,0,2,0,0,0,0,0,0,1,0
1307.5,0,1,0,0,0,0,0,0,0,1,0
1308.5,1,0,0,0,0,0,0,0,1,0,0
1309.5,0,0,0,0,0,0,0,0,1,0,0
1310.5,0,0,1,0,0,0,0,0,0,0,0
1311.5,0,0,0,0,0,0,0,0,0,1,0
1312.5,0,0,1,0,0,0,0,0,1,0,0
1313.5,0,0,1,0,0,0,0,0,1,0,0
1314.5,0,1,3,0,0,0,0,0,0,0,0
1315.5,0,0,0,0,0,1,0,0,0,0,0
1316.5,0,0,1,0,0,0,0,0,1,0,0
1317.5,0,0,1,0,0,0,0,0,0,0,0
1318.5,0,0,1,0,0,0,0,0,1,0,0
1319.5,0,0,1,0,0,0,0,0,1,0,0
1320.5,0,0,1,0,0,0,0,0,0,0,0
1321.5,0,0,1,0,0,0,0,0,0,0,0
1322.5,0,0,2,0,0,0,0,0,0,0,0
1323.5,0,0,2,0,0,0,0,0,0,0,0
1324.5,0,0,2,0,0,1,0,0,0,0,0
1325.5,0,0,1,0,0,0,0,0,3,1,0
1326.5,0,0,1,0,0,0,0,0,0,0,0
1327.5,0,0,5,1,0,0,1,0,0,0,0
1328.5,0,1,0,0,0,0,0,0,0,0,0
1329.5,1,0,3,0,0,0,0,0,0,0,0
1330.5,0,0,1,0,0,0,0,0,0,0,0
1331.5,0,0,1,0,0,0,0,0,0,0,0
1332.5,0,0,3,0,0,0,0,0,0,0,0
1333.5,0,1,1,0,0,0,0,0,0,0,0
1334.5,0,1,3,0,0,0,0,0,0,0,0
1335.5,0,0,1,0,0,0,0,0,0,0,0
1336.5,0,0,2,0,0,0,0,0,0,0,0
1337.5,0,0,1,0,0,0,0,0,0,0,0
1340.5,0,0,1,0,0,0,0,0,1,0,0
1341.5,0,0,2,0,0,0,0,1,0,0,0
1342.5,1,0,0,0,0,0,0,0,0,0,0
1343.5,1,0,1,0,0,0,0,0,0,0,0
1344.5,0,0,2,1,0,0,0,0,0,0,0
1345.5,0,0,0,0,0,0,0,0,0,1,0
1347.5,0,0,2,0,0,0,0,0,0,0,0
1348.5,1,0,0,0,0,0,0,0,0,0,0
1349.5,1,1,1,0,0,0,0,0,0,0,0
1350.5,0,1,0,0,0,0,0,0,1,0,0
1351.5,0,0,1,0,0,0,0,0,0,0,0
1352.5,0,0,2,0,0,0,0,0,0,1,0
1353.5,0,1,1,0,0,0,0,0,0,0,0
1355.5,0,1,1,0,0,0,0,0,0,0,0
1356.5,0,0,3,0,0,0,0,0,1,0,0
1357.5,0,0,2,0,0,0,0,0,0,0,0
1358.5,0,0,0,1,0,0,0,0,0,0,0
1359.5,0,1,1,0,0,0,0,0,0,0,0
1360.5,0,0,0,0,0,0,0,0,1,0,0
1361.5,0,1,0,0,0,0,0,0,0,0,0
1362.5,0,1,0,0,0,0,0,0,0,0,0
1363.5,0,0,2,1,0,0,0,0,0,0,0
1364.5,1,0,1,0,0,0,0,0,0,0,0
1365.5,0,0,0,1,0,0,0,0,0,0,0
1366.5,0,0,3,0,0,0,0,1,1,0,0
1367.5,0,0,1,1,0,0,0,0,0,0,0
1368.5,0,0,4,0,0,0,0,0,1,0,0
1369.5,0,0,2,0,0,0,0,0,1,0,0
1370.5,0,0,1,0,0,0,0,0,1,0,0
1371.5,0,0,2,0,0,0,0,0,1,0,0
1372.5,0,0,1,0,0,0,0,0,1,0,0
1373.5,0,0,1,0,0,0,0,0,0,0,0
1374.5,0,1,2,0,0,0,0,0,1,0,0
1375.5,0,1,3,0,0,0,0,0,0,0,0
1377.5,1,0,0,0,0,0,0,0,0,0,0
1378.5,0,0,1,1,0,0,0,0,1,0,0
1379.5,0,1,0,0,0,0,0,0,0,0,0
1380.5,0,0,1,0,0,0,0,0,0,0,0
1382.5,0,1,3,0,0,0,0,0,0,0,0
1383.5,0,0,1,1,0,0,0,0,0,1,0
1384.5,1,0,0,0,0,0,0,0,0,0,0
1385.5,0,1,0,0,0,0,0,0,0,0,0
1387.5,0,1,0,0,0,0,0,0,0,0,0
1389.5,0,0,2,0,0,0,0,0,0,0,0
1390.5,0,1,0,0,0,0,0,0,0,0,0
1392.5,0,0,1,0,0,1,0,0,0,1,0
1393.5,0,0,1,0,0,0,0,0,0,0,0
1394.5,0,0,2,1,0,0,0,0,2,0,0
1395.5,0,0,1,0,0,0,0,0,1,0,0
1396.5,0,2,2,0,0,0,0,0,0,0,0
1397.5,0,0,1,0,0,0,0,0,0,0,0
1398.5,0,0,2,0,0,1,0,0,0,0,0
1399.5,0,0,2,0,0,0,0,0,1,0,0
1400.5,0,2,1,0,0,0,0,0,0,0,0
1401.5,0,0,2,0,0,0,0,0,0,0,0
1402.5,0,0,0,1,0,0,0,2,0,0,0
1403.5,0,0,2,0,0,0,0,0,0,0,0
1404.5,0,0,3,0,0,0,0,0,0,0,0
1405.5,0,0,0,0,0,0,0,0,1,0,0
1406.5,0,0,3,0,0,0,0,0,0,0,0
1407.5,2,0,3,0,0,0,0,0,0,0,0
1408.5,0,1,1,0,0,0,0,0,1,0,0
1409.5,0,0,2,0,0,0,0,0,0,0,0
1410.5,0,1,1,1,0,0,0,0,0,0,0
1411.5,0,0,1,0,0,0,0,0,0,0,0
1412.5,0,0,1,0,0,0,0,0,0,0,0
1413.5,0,0,0,0,0,0,0,0,1,0,0
1415.5,0,0,3,0,0,0,0,0,0,0,0
1416.5,0,0,1,0,0,0,0,0,0,0,0
1417.5,0,0,2,0,0,0,0,0,0,0,0
1418.5,1,0,3,0,0,0,0,0,0,0,0
1419.5,2,0,1,0,1,0,0,0,0,0,0
1421.5,0,0,1,0,0,0,0,0,0,0,0
1422.5,1,1,1,0,0,0,0,0,1,0,0
1423.5,0,1,1,0,0,0,0,0,0,0,0
1424.5,0,1,1,0,0,0,0,0,0,0,0
1425.5,0,0,0,0,0,0,0,0,1,0,0
1426.5,0,0,1,0,0,0,0,0,0,0,0
1427.5,0,0,2,0,0,0,0,0,1,0,0
1428.5,0,0,2,1,0,0,0,0,0,0,0
1429.5,0,0,1,0,0,0,0,0,1,0,0
1430.5,0,0,2,0,0,0,0,0,1,0,0
1432.5,0,0,1,0,0,1,0,0,0,0,0
1433.5,0,0,1,0,0,0,0,0,0,1,0
1434.5,0,0,1,0,0,0,0,0,0,0,0
1435.5,0,0,0,1,0,0,0,0,0,0,0
1436.5,0,0,1,0,0,0,0,0,0,0,0
1437.5,0,1,1,0,0,1,0,0,0,0,0
1438.5,0,0,2,0,0,0,0,0,0,0,0
1439.5,0,0,1,0,0,0,0,0,0,0,0
1440.5,0,0,1,0,0,0,0,0,0,0,0
1441.5,0,0,1,0,0,0,0,0,0,1,0
1442.5,0,0,2,0,0,0,0,0,1,0,0
1443.5,0,0,2,0,0,0,0,0,0,0,0
1444.5,0,0,2,0,0,0,0,0,0,0,0
1445.5,0,0,2,0,0,0,0,0,0,0,0
1449.5,1,0,3,0,0,0,0,0,0,0,0
1450.5,0,0,3,0,0,0,0,0,0,0,0
1451.5,0,0,2,0,0,0,0,0,0,1,0
1452.5,0,0,4,0,0,0,0,0,0,0,0
1453.5,0,0,1,1,0,0,0,0,0,0,0
1454.5,0,0,2,0,0,0,0,0,0,0,0
1455.5,0,0,1,0,0,0,0,1,0,0,0
1456.5,0,0,1,0,0,0,0,0,0,0,0
1460.5,0,0,1,0,0,0,0,0,0,0,0
1461.5,0,1,1,0,0,0,0,0,0,0,0
1462.5,0,0,3,0,0,0,0,0,0,0,0
1463.5,0,0,1,0,0,0,0,0,0,0,0
1464.5,0,0,2,0,0,1,0,0,1,0,0
1465.5,0,0,1,1,0,0,0,0,0,0,0
1466.5,0,1,2,0,0,1,0,0,0,0,0
1467.5,0,0,0,0,0,0,0,0,1,0,0
1468.5,0,0,0,1,0,0,0,0,0,0,0
1469.5,0,0,3,0,1,0,0,0,0,0,0
1470.5,0,0,2,0,0,0,0,0,0,0,0
1472.5,0,0,1,0,0,0,0,0,0,0,0
1474.5,0,0,1,0,0,0,0,0,0,0,0
1475.5,0,0,2,0,0,0,0,0,0,0,0
1476.5,0,1,1,1,0,0,0,0,0,0,0
1477.5,0,0,1,0,0,0,0,0,0,0,0
1478.5,0,0,1,0,0,0,0,0,2,0,0
1480.5,0,0,1,0,0,0,0,0,0,1,0
1481.5,0,0,1,0,0,0,0,0,1,0,0
1482.5,0,0,2,0,0,0,0,0,0,0,0
1483.5,0,0,2,0,0,1,0,0,0,0,0
1484.5,1,0,2,0,0,0,0,0,0,0,0
1487.5,0,0,0,0,0,0,0,0,0,1,0
1488.5,1,1,1,0,0,0,0,0,0,0,0
1489.5,0,0,2,0,0,0,0,0,0,0,0
1490.5,0,0,1,1,0,0,0,0,0,0,0
1491.5,0,0,0,1,0,0,0,0,0,0,0
1492.5,0,0,0,1,0,0,0,0,0,0,0
1494.5,0,0,2,0,0,0,0,0,0,0,0
1495.5,0,0,2,0,0,0,0,0,0,0,0
1496.5,0,2,2,0,0,0,0,0,0,0,0
1497.5,0,0,1,0,0,0,0,0,0,0,0
1498.5,0,0,1,0,0,0,0,0,1,0,0
1499.5,0,1,2,0,0,0,0,0,0,0,0
1500.5,0,0,1,0,0,0,0,0,1,0,0
1501.5,0,0,0,0,0,0,0,1,0,0,0
1502.5,0,1,3,0,0,0,0,0,0,0,0
1503.5,0,0,2,0,0,1,0,0,0,0,0
1504.5,0,0,1,0,0,0,0,0,0,0,0
1505.5,0,0,2,0,0,0,0,0,0,1,0
1506.5,0,0,1,0,0,0,0,0,0,0,0
1507.5,0,0,1,1,0,0,0,0,0,0,0
1508.5,0,0,0,0,0,0,0,0,0,1,0
1509.5,0,0,4,0,0,0,0,0,1,0,0
1510.5,0,0,1,0,0,0,0,0,0,0,0
1512.5,1,1,0,0,0,0,0,0,0,0,0
1513.5,0,0,1,1,0,0,0,0,0,0,0
1515.5,0,0,2,0,0,0,0,0,0,0,0
1516.5,0,0,1,0,0,0,0,0,0,0,0
1517.5,0,0,2,0,0,0,0,0,0,0,0
1518.5,0,0,1,0,0,0,0,0,1,0,0
1519.5,0,0,2,1,0,0,0,0,0,0,0
1521.5,0,1,0,0,0,0,0,0,0,0,0
1524.5,0,0,2,0,0,0,0,0,2,0,0
1525.5,0,0,1,0,0,0,0,0,0,0,0
1526.5,0,0,3,0,0,0,0,0,0,0,0
1527.5,0,0,2,0,0,0,0,0,0,1,0
1528.5,0,0,3,0,0,0,0,0,0,0,0
1529.5,0,0,4,0,0,0,0,0,0,0,0
1530.5,0,0,0,0,0,0,0,0,1,0,0
1531.5,0,0,1,0,0,0,0,0,0,0,0
1532.5,1,0,1,1,0,0,0,0,0,0,0
1533.5,0,0,2,0,0,0,0,0,1,0,0
1534.5,0,0,1,0,0,0,0,0,0,0,0
1535.5,0,0,1,0,0,0,0,0,0,0,0
1536.5,0,1,0,0,0,0,0,0,0,0,0
1537.5,0,0,1,0,0,1,0,0,0,0,0
1539.5,0,0,0,1,0,0,0,0,1,0,0
1540.5,0,0,2,1,0,0,0,0,0,0,0
1541.5,0,0,1,0,0,0,0,0,2,0,0
1544.5,0,0,1,0,0,0,0,0,0,0,0
1545.5,0,0,1,0,0,0,0,0,0,0,0
1547.5,0,0,1,0,0,0,0,0,0,0,0
1549.5,0,0,1,0,0,0,0,0,0,0,0
1550.5,0,0,1,1,0,0,0,0,1,0,0
1551.5,0,0,4,0,0,0,0,0,0,0,0
1552.5,0,0,2,0,0,0,0,0,1,0,0
1553.5,0,0,1,0,0,0,0,0,0,0,0
1554.5,0,0,1,1,0,0,0,0,0,0,0
1556.5,1,0,1,1,0,0,0,1,0,1,0
1557.5,0,0,1,0,0,0,0,0,0,0,0
1558.5,0,0,0,0,0,0,0,0,1,0,0
1559.5,0,0,0,1,0,0,0,0,0,0,0
1560.5,0,0,1,0,0,0,0,0,0,0,0
1561.5,0,0,1,0,0,0,0,0,0,0,0
1562.5,0,0,1,0,0,0,0,0,0,0,0
1563.5,0,0,1,0,0,0,0,0,0,0,0
1565.5,0,0,1,1,0,0,0,0,0,0,0
1566.5,0,0,2,0,0,0,0,0,0,0,0
1567.5,1,0,1,0,0,0,0,0,0,0,0
1568.5,0,0,1,0,0,0,0,0,0,0,0
1569.5,0,0,2,0,0,0,0,0,0,0,0
1570.5,0,0,0,1,0,0,0,0,0,1,0
1571.5,0,0,3,0,0,0,0,0,0,0,0
1572.5,0,0,2,0,0,0,0,0,0,0,0
1573.5,0,0,1,1,0,0,0,0,0,0,0
1574.5,0,0,0,0,0,0,0,0,1,0,0
1575.5,0,0,1,0,0,0,0,0,0,0,0
1577.5,0,0,0,0,0,0,0,0,2,0,0
1578.5,0,0,1,0,0,0,0,0,1,0,0
1581.5,0,0,1,1,0,0,0,0,0,0,0
1583.5,0,0,2,0,0,0,0,0,2,0,0
1584.5,0,0,2,0,0,0,0,0,5,0,0
1585.5,0,0,0,0,0,0,0,0,11,0,0
1586.5,0,0,1,0,0,0,0,0,15,0,0
1587.5,0,0,0,0,0,0,0,0,9,0,0
1588.5,0,0,3,0,0,0,0,0,12,0,0
1589.5,0,0,2,0,0,0,0,0,19,0,0
1590.5,0,1,0,0,0,0,0,0,34,0,0
1591.5,0,0,1,1,0,0,0,0,44,0,0
1592.5,0,0,0,0,0,1,0,0,25,0,0
1593.5,0,0,2,1,0,0,0,0,0,0,0
1594.5,0,1,1,0,0,1,0,0,1,0,0
1595.5,0,0,2,0,0,1,0,0,0,0,0
1597.5,0,1,1,0,0,0,0,0,0,0,0
1598.5,0,0,1,0,0,0,0,0,0,0,0
1599.5,0,0,3,0,0,0,0,0,0,0,0
1600.5,0,0,1,1,0,0,0,0,0,0,0
1601.5,0,0,0,0,0,0,0,0,1,0,0
1602.5,1,0,1,0,0,0,0,0,0,0,0
1603.5,1,0,0,0,0,0,0,0,1,0,0
1604.5,0,1,1,0,0,0,0,0,1,0,0
1605.5,0,0,1,0,0,0,0,0,0,0,0
1607.5,0,0,0,2,0,0,0,0,0,0,0
1609.5,0,0,1,0,0,0,0,0,0,0,0
1611.5,1,0,2,0,0,0,0,0,0,0,0
1612.5,0,0,2,1,0,0,0,0,0,0,0
1613.5,0,0,1,0,0,0,0,0,0,0,0
1614.5,0,0,1,0,0,0,0,0,0,0,0
1615.5,0,0,2,0,0,0,0,0,0,0,0
1616.5,0,0,1,1,0,0,0,0,1,0,0
1617.5,0,0,2,0,0,0,0,0,0,1,0
1618.5,0,0,2,0,0,0,0,0,0,0,0
1620.5,1,0,1,0,0,0,0,0,1,0,0
1622.5,0,0,3,0,0,0,0,0,0,0,0
1623.5,0,1,2,0,0,0,0,0,0,0,0
1624.5,0,0,4,1,0,0,0,0,0,0,0
1625.5,1,1,4,0,0,0,0,0,0,0,0
1626.5,0,0,2,0,0,1,0,0,0,0,0
1627.5,0,0,0,1,0,0,0,0,0,0,0
1628.5,0,0,1,0,0,0,0,0,0,0,0
1629.5,0,0,1,0,0,0,0,0,0,0,0
1630.5,0,0,0,0,0,0,0,0,1,0,0
1632.5,0,0,1,0,0,0,0,0,1,0,0
1633.5,0,0,2,0,0,0,0,0,1,0,0
1634.5,0,0,4,0,0,0,0,0,0,0,0
1635.5,0,1,1,0,0,0,0,0,0,0,0
1636.5,0,0,2,0,0,0,0,0,1,0,0
1638.5,0,0,3,0,0,0,0,0,0,0,0
1640.5,0,0,1,1,0,0,0,0,0,0,0
1641.5,1,0,0,0,0,0,0,0,0,0,0
1642.5,0,0,2,0,0,0,0,0,0,0,0
1643.5,1,0,2,0,0,0,0,0,0,0,0
1644.5,0,0,2,0,0,0,0,0,0,0,0
1646.5,0,0,0,1,0,0,0,0,1,0,0
1647.5,0,0,2,0,0,0,0,0,0,0,0
1648.5,0,0,2,0,0,0,0,0,0,0,0
1649.5,0,0,2,0,0,0,0,0,0,1,0
1651.5,0,0,0,1,0,0,0,0,0,0,0
1652.5,0,0,1,0,0,0,0,0,0,0,0
1653.5,0,0,1,0,0,0,0,0,0,0,0
1654.5,0,0,1,0,0,0,0,0,0,0,0
1655.5,1,0,1,0,0,0,0,0,0,0,0
1656.5,0,0,2,2,0,0,0,0,2,0,0
1659.5,0,0,1,1,0,0,0,0,0,0,0
1661.5,0,0,3,0,0,0,0,0,0,0,0
1662.5,0,0,1,0,0,0,0,0,0,0,0
1664.5,0,0,2,0,0,0,0,0,0,0,0
1665.5,0,0,1,0,0,0,0,0,0,0,0
1666.5,0,0,2,0,0,0,0,0,0,0,0
1668.5,0,1,2,0,0,0,0,0,0,0,0
1669.5,0,1,1,0,0,0,0,0,1,0,0
1671.5,0,0,2,0,0,0,0,0,0,0,0
1672.5,0,0,0,1,0,0,0,0,0,0,0
1673.5,0,0,2,0,0,0,0,0,0,0,0
1674.5,0,0,1,0,0,0,0,0,0,1,0
1675.5,0,0,1,0,0,0,0,0,0,0,0
1676.5,0,0,2,0,0,0,0,0,0,0,0
1679.5,0,0,1,1,0,0,0,0,0,0,0
1680.5,0,0,1,0,0,0,0,0,0,0,0
1681.5,0,0,0,1,0,0,0,0,0,0,0
1682.5,0,0,1,0,0,0,0,0,0,0,0
1684.5,0,0,2,0,0,0,0,0,0,0,0
1685.5,0,0,1,0,0,0,0,0,0,0,0
1686.5,0,0,2,0,0,1,0,0,0,0,0
1687.5,0,0,2,0,0,0,0,0,0,0,0
1689.5,0,0,1,0,0,0,0,0,1,0,0
1690.5,0,0,5,0,0,1,0,0,0,0,0
1691.5,0,0,0,0,0,0,0,0,1,0,0
1692.5,0,0,2,0,0,0,0,0,0,0,0
1693.5,0,0,3,0,0,0,0,0,0,0,0
1695.5,0,0,0,0,0,0,0,0,1,0,0
1696.5,0,0,2,0,0,0,0,0,0,0,0
1698.5,0,0,0,1,0,0,0,0,0,0,0
1699.5,0,0,1,0,0,0,0,0,0,0,0
1700.5,0,0,1,0,0,0,0,0,0,0,0
1701.5,0,0,1,0,0,0,0,1,1,0,0
1702.5,0,0,1,1,0,0,0,0,0,0,0
1703.5,0,0,2,0,0,1,0,0,0,0,0
1706.5,0,0,0,1,0,0,0,0,0,0,0
1707.5,0,0,0,0,0,0,0,0,0,1,0
1709.5,0,0,1,0,0,0,0,0,0,0,0
1711.5,0,0,2,1,0,0,0,0,0,0,0
1713.5,0,0,1,0,0,0,0,0,0,0,0
1714.5,0,0,1,0,0,0,0,0,0,0,0
1715.5,0,0,0,0,0,0,0,1,1,0,0
1716.5,0,0,1,0,0,0,0,0,0,0,0
1717.5,0,0,1,0,0,0,0,0,0,0,0
1718.5,0,0,2,0,0,0,0,0,0,0,0
1719.5,0,0,3,0,0,0,0,0,0,0,0
1720.5,0,0,2,1,0,1,0,0,1,0,0
1721.5,0,0,1,0,0,0,0,0,0,0,0
1722.5,0,0,1,0,0,0,0,0,0,0,0
1723.5,0,0,4,1,0,0,0,0,0,0,0
1724.5,0,0,1,0,0,0,0,0,0,0,0
1725.5,0,0,1,1,0,0,0,0,1,0,0
1726.5,0,0,1,0,0,0,0,0,0,1,0
1727.5,0,0,0,0,0,0,0,0,1,0,0
1728.5,0,0,1,0,0,0,0,0,0,0,0
1729.5,0,0,2,0,0,0,0,0,0,0,0
1730.5,0,0,1,0,0,0,0,0,1,0,0
1732.5,0,0,0,0,0,0,0,1,0,0,0
1733.5,0,0,2,0,0,0,0,0,0,0,0
1734.5,0,0,0,1,0,0,0,0,0,0,0
1735.5,0,0,0,0,0,0,0,0,1,0,0
1736.5,0,0,1,0,0,0,0,0,0,0,0
1737.5,0,0,1,0,0,0,0,0,0,0,0
1739.5,0,0,1,0,0,0,0,0,0,0,0
1740.5,0,0,1,0,0,0,0,0,0,0,0
1741.5,1,0,1,0,0,0,0,0,0,0,0
1742.5,0,0,1,0,0,0,0,0,1,0,0
1743.5,0,0,2,0,0,0,0,0,0,0,0
1744.5,0,0,0,0,0,0,0,1,0,0,0
1746.5,0,0,0,1,0,0,0,0,0,0,0
1747.5,0,0,1,0,0,0,0,0,0,0,0
1748.5,0,0,1,0,0,0,0,0,0,1,0
1749.5,0,1,3,0,0,0,0,0,0,0,0
1752.5,0,0,3,0,0,0,0,0,0,0,0
1753.5,0,0,3,0,0,0,0,0,0,0,0
1754.5,0,0,1,0,0,1,0,0,0,0,0
1757.5,0,0,1,0,0,0,0,0,0,0,0
1758.5,0,0,0,0,0,0,0,0,2,0,0
1759.5,0,0,2,0,0,0,0,0,0,0,0
1760.5,0,0,4,1,0,0,0,0,0,0,0
1761.5,0,0,1,0,0,0,0,0,0,0,0
1762.5,0,0,1,0,0,0,0,0,0,0,0
1764.5,0,0,2,0,0,0,0,0,0,0,0
1766.5,0,0,1,0,0,0,0,0,0,0,0
1767.5,0,0,0,1,0,0,0,0,0,0,0
1768.5,0,1,1,0,0,0,0,0,0,0,0
1770.5,0,0,1,0,0,0,0,0,0,0,0
1771.5,0,0,0,0,0,0,0,0,1,0,0
1772.5,0,1,1,0,0,0,0,0,0,0,0
1773.5,0,0,3,0,0,0,0,0,0,0,0
1775.5,0,0,1,0,0,0,0,0,0,0,0
1776.5,0,0,1,0,0,0,0,0,0,0,0
1777.5,0,0,1,0,0,0,0,0,0,0,0
1779.5,0,0,3,0,0,0,0,0,0,0,0
1781.5,0,0,0,1,0,0,0,0,0,0,0
1782.5,0,0,1,1,0,0,0,0,0,0,0
1783.5,0,0,0,0,0,0,0,0,0,1,0
1784.5,0,0,1,0,0,0,0,0,1,0,0
1785.5,0,1,2,0,0,0,0,0,0,0,0
1786.5,0,0,1,0,0,0,0,0,1,0,0
1788.5,0,0,1,0,0,0,0,0,0,0,0
1790.5,0,0,1,1,0,0,0,0,0,0,0
1793.5,0,0,1,0,0,0,0,1,0,0,0
1794.5,0,0,2,0,0,0,0,0,0,0,0
1795.5,0,0,1,0,0,0,0,0,0,0,0
1796.5,0,1,1,0,0,0,0,0,0,0,0
1797.5,1,0,1,0,0,0,0,0,0,0,0
1798.5,0,1,0,0,0,0,0,0,0,1,0
1799.5,0,0,2,0,0,0,0,0,0,0,0
1801.5,0,0,1,0,0,0,0,0,0,0,0
1802.5,0,0,1,0,0,0,0,0,1,0,0
1803.5,0,0,1,0,0,0,0,0,0,0,0
1804.5,0,0,0,0,0,1,0,0,0,1,0
1807.5,0,0,1,0,0,0,0,0,0,0,0
1808.5,0,0,0,2,0,0,0,0,1,0,0
1809.5,1,0,0,0,0,0,0,1,1,0,0
1810.5,0,0,1,0,0,0,0,0,0,0,0
1811.5,0,0,2,0,0,0,0,0,0,0,0
1813.5,0,1,0,0,0,0,0,0,0,0,0
1814.5,0,0,1,0,0,0,0,0,0,0,0
1815.5,0,0,1,0,0,0,0,0,0,0,0
1816.5,0,0,1,0,0,0,0,0,1,0,0
1817.5,0,1,1,1,0,0,0,0,0,0,0
1818.5,0,0,3,0,0,0,0,0,0,0,0
1819.5,0,0,0,0,0,0,0,1,0,0,0
1821.5,0,0,2,0,0,0,0,0,0,0,0
1822.5,0,0,1,0,0,0,0,1,0,0,0
1823.5,0,0,1,0,0,0,0,0,0,0,0
1824.5,0,0,0,0,0,0,0,0,1,0,0
1826.5,0,1,3,0,0,0,0,0,0,0,0
1827.5,0,0,0,0,0,0,0,0,1,0,0
1830.5,0,0,2,1,0,0,0,0,0,0,0
1831.5,0,0,1,1,0,0,0,0,0,0,0
1833.5,0,0,2,0,0,0,0,0,0,0,0
1834.5,0,0,2,0,0,0,0,0,0,0,0
1835.5,0,0,2,0,0,0,0,0,0,1,0
1836.5,0,0,3,1,0,0,0,0,0,0,0
1837.5,0,0,1,0,0,0,0,0,0,0,0
1838.5,0,1,2,0,0,0,0,0,0,0,0
1840.5,0,0,1,0,0,0,0,1,0,0,0
1841.5,0,0,1,0,0,0,0,0,0,0,0
1842.5,0,1,1,0,0,0,0,0,0,0,0
1843.5,0,0,1,0,0,0,0,1,0,0,0
1844.5,0,0,1,1,0,0,0,0,0,0,0
1845.5,0,0,3,1,0,0,0,0,1,0,0
1846.5,0,0,0,1,0,0,0,0,0,0,0
1847.5,0,0,1,0,0,0,0,0,0,0,0
1848.5,0,0,1,0,0,0,0,0,0,0,0
1849.5,0,0,1,0,0,0,0,0,0,0,0
1850.5,0,0,1,0,0,0,0,0,0,0,0
1851.5,0,0,1,0,0,0,0,0,0,0,0
1852.5,0,0,1,0,0,0,0,0,0,0,0
1853.5,0,0,2,0,0,0,0,0,0,0,0
1855.5,0,0,1,0,0,0,0,1,0,0,0
1856.5,0,0,1,0,0,0,0,0,0,0,0
1857.5,0,0,1,0,0,0,0,0,0,0,0
1858.5,0,0,1,0,0,0,0,0,0,0,0
1859.5,0,0,1,1,0,0,0,0,0,0,0
1860.5,0,0,2,0,0,0,0,0,0,0,0
1861.5,0,0,2,0,0,0,0,0,0,0,0
1864.5,0,0,1,0,0,0,0,0,0,0,0
1865.5,0,0,2,0,0,0,0,0,0,0,0
1866.5,0,0,1,0,0,0,0,0,0,0,0
1868.5,0,0,1,0,0,0,0,0,1,0,0
1869.5,0,0,0,1,0,0,0,0,0,0,0
1870.5,0,1,2,0,0,0,0,0,0,0,0
1872.5,0,0,1,1,0,0,0,0,0,0,0
1873.5,0,0,3,0,0,0,0,0,0,0,0
1874.5,0,0,2,0,0,0,0,0,0,0,0
1875.5,0,1,0,1,0,0,0,0,0,0,0
1876.5,0,0,0,0,0,0,0,1,0,0,0
1877.5,0,0,1,0,0,0,0,0,0,0,0
1879.5,0,0,1,0,0,0,0,0,0,0,0
1880.5,0,0,2,0,0,0,0,0,0,0,0
1881.5,0,0,0,1,1,0,0,0,0,0,0
1884.5,0,0,2,0,0,0,0,0,0,0,0
1886.5,0,0,1,0,0,0,0,0,0,0,0
1887.5,1,0,1,0,0,0,0,0,0,0,0
1888.5,0,0,1,0,0,0,0,0,0,0,0
1889.5,0,0,1,0,0,0,0,0,0,0,0
1890.5,0,0,1,0,0,0,0,0,0,0,0
1892.5,0,1,1,0,0,0,0,0,0,0,0
1893.5,0,0,2,0,0,0,0,0,0,0,0
1894.5,0,0,1,0,0,0,0,0,0,0,0
1895.5,0,0,0,1,0,0,0,0,0,0,0
1896.5,0,0,2,0,0,0,0,1,0,0,0
1897.5,0,0,1,0,0,0,0,0,0,1,0
1898.5,0,1,4,0,0,0,0,0,0,0,0
1899.5,0,0,1,0,0,0,0,1,0,0,0
1901.5,0,0,3,0,1,0,0,0,0,0,0
1902.5,0,1,0,0,0,0,0,0,1,0,0
1904.5,0,0,1,1,0,0,0,1,0,0,0
1906.5,0,0,1,0,0,0,0,0,0,1,0
1907.5,0,0,1,1,0,0,0,0,1,0,0
1908.5,0,0,0,1,0,0,0,0,0,0,0
1910.5,0,0,2,0,0,0,0,0,0,0,0
1911.5,0,0,1,1,0,0,0,0,0,0,0
1913.5,0,0,1,0,0,0,0,0,0,0,0
1914.5,0,0,1,2,0,0,0,0,0,0,0
1915.5,0,0,2,0,0,0,0,0,0,0,0
1916.5,0,0,0,0,0,0,0,0,1,0,0
1917.5,0,0,1,0,0,0,0,0,0,0,0
1918.5,0,0,3,0,0,0,0,0,0,0,0
1919.5,0,0,1,0,0,0,0,0,0,0,0
1920.5,0,0,0,0,0,0,0,0,0,1,0
1921.5,0,1,0,0,0,0,0,0,0,0,0
1922.5,0,0,3,1,0,0,0,0,0,0,0
1925.5,0,1,0,0,0,0,0,0,0,0,0
1926.5,0,0,1,0,0,0,0,0,1,0,0
1927.5,0,0,0,1,0,0,0,0,0,0,0
1930.5,0,0,0,0,0,0,0,0,1,0,0
1931.5,0,0,0,1,0,0,0,0,0,0,0
1932.5,0,0,0,0,0,1,0,0,0,0,0
1933.5,0,0,1,0,0,0,0,0,0,0,0
1934.5,0,0,2,0,0,0,0,0,0,0,0
1935.5,0,0,1,0,0,0,0,0,0,0,0
1936.5,0,0,2,0,0,0,0,0,0,0,0
1937.5,0,1,0,0,0,0,0,0,0,0,0
1939.5,1,0,0,0,0,0,0,0,0,0,0
1940.5,0,0,2,0,0,0,0,0,0,0,0
1942.5,0,0,2,0,0,0,0,0,0,0,0
1943.5,0,0,2,0,0,0,0,0,0,0,0
1944.5,0,0,3,0,0,0,0,0,0,0,0
1945.5,0,0,2,0,0,0,0,0,0,0,0
1946.5,0,0,0,1,0,0,0,0,0,0,0
1947.5,1,0,1,0,0,0,0,0,0,0,0
1949.5,0,0,0,0,0,1,0,0,0,0,0
1951.5,0,0,1,0,0,0,0,0,0,0,0
1953.5,0,1,2,0,0,0,0,0,0,0,0
1954.5,0,0,1,0,0,0,0,0,0,0,0
1955.5,0,0,1,0,0,0,0,0,0,0,0
1957.5,0,0,2,0,0,0,0,0,0,0,0
1958.5,0,0,1,0,0,0,0,0,0,0,0
1960.5,0,0,1,0,0,0,0,0,0,0,0
1961.5,0,0,1,0,0,0,0,0,0,0,0
1962.5,1,0,0,0,0,0,0,0,0,0,0
1963.5,0,0,1,0,0,0,0,0,0,0,0
1964.5,0,0,1,0,0,0,0,0,0,0,0
1965.5,0,0,3,0,0,0,0,0,0,0,0
1967.5,0,0,1,0,0,0,0,0,0,0,0
1968.5,0,1,1,0,0,0,0,0,0,0,0
1969.5,0,0,1,0,0,0,0,0,0,0,0
1970.5,0,0,1,0,0,0,0,0,0,0,0
1973.5,0,0,1,0,0,0,0,0,0,0,0
1976.5,0,0,1,1,0,1,0,0,0,1,0
1977.5,0,0,1,0,0,0,0,0,0,0,0
1979.5,0,0,5,0,0,0,0,0,0,0,0
1980.5,0,0,1,0,0,0,0,0,0,0,0
1981.5,0,0,2,0,0,0,0,0,0,0,0
1983.5,0,0,3,0,0,0,0,0,0,0,0
1984.5,0,0,0,1,0,0,0,1,0,0,0
1985.5,0,0,1,0,0,0,0,0,0,0,0
1989.5,0,0,1,0,0,0,0,0,0,0,0
1990.5,0,0,2,0,0,0,0,0,0,0,0
1991.5,0,0,1,0,0,0,0,0,0,0,0
1993.5,0,0,0,0,0,0,0,0,0,1,0
1995.5,0,0,1,0,0,0,0,0,0,0,0
1996.5,0,0,1,0,0,0,0,0,0,0,0
2001.5,0,0,0,1,0,0,0,0,0,0,0
2002.5,0,0,0,0,0,0,0,1,0,0,0
2004.5,0,0,0,1,0,0,0,0,0,0,0
2005.5,0,0,1,0,0,0,0,0,0,0,0
2006.5,0,0,2,0,0,0,0,0,0,0,0
2007.5,0,0,0,0,0,0,0,0,0,1,0
2008.5,0,0,1,0,0,0,0,1,0,0,0
2009.5,0,0,2,0,0,0,0,0,0,0,0
2011.5,0,0,2,0,0,0,0,0,0,0,0
2015.5,0,0,0,1,0,0,0,0,0,0,0
2016.5,0,1,0,0,0,0,0,0,0,0,0
2017.5,0,0,1,0,0,0,0,0,0,0,0
2018.5,0,0,1,1,0,1,0,0,0,0,0
2020.5,0,0,2,0,0,0,0,0,0,0,0
2022.5,0,0,1,0,0,0,0,0,0,0,0
2023.5,0,0,2,0,0,0,0,0,0,0,0
2025.5,0,0,1,0,0,0,0,0,0,0,0
2027.5,0,0,1,0,0,0,0,0,0,0,0
2030.5,0,0,1,0,0,0,0,0,0,0,0
2031.5,0,0,4,1,0,0,0,0,0,0,0
2033.5,0,0,0,0,0,0,0,0,0,1,0
2035.5,0,0,1,0,0,0,0,0,0,0,0
2037.5,0,0,1,1,0,0,0,0,0,0,0
2039.5,0,0,1,0,0,1,0,1,0,0,0
2041.5,0,0,0,1,0,0,0,0,0,0,0
2044.5,0,0,2,0,0,0,0,0,0,0,0
2045.5,0,0,1,0,0,0,0,0,0,0,0
2046.5,0,0,0,2,0,0,0,0,0,0,0
2048.5,0,0,0,1,0,0,0,0,0,0,0
2050.5,0,1,0,0,0,0,0,0,0,0,0
2052.5,0,0,1,0,0,0,0,0,0,0,0
2053.5,0,0,0,1,0,0,0,0,0,0,0
2054.5,0,0,0,1,0,0,0,0,0,0,0
2056.5,0,1,2,1,0,0,0,0,0,0,0
2057.5,0,0,1,0,0,0,0,0,0,0,0
2058.5,0,0,1,0,0,0,0,0,0,0,0
2059.5,0,0,2,0,0,0,0,0,0,0,0
2062.5,0,0,1,0,0,0,0,0,0,0,0
2065.5,0,0,0,2,0,0,0,0,0,0,0
2066.5,0,0,2,0,0,0,0,0,0,0,0
2067.5,0,0,2,0,0,0,0,0,0,0,0
2068.5,0,0,0,1,0,0,0,0,0,0,0
2070.5,0,0,1,0,0,0,0,1,0,0,0
2071.5,0,0,2,0,0,0,0,0,0,0,0
2073.5,0,0,1,0,0,0,0,0,0,0,0
2074.5,0,0,1,0,0,0,0,0,0,0,0
2075.5,0,0,1,1,0,0,0,0,0,0,0
2076.5,0,0,3,0,0,0,0,0,0,0,0
2077.5,1,0,0,0,0,0,0,0,0,0,0
2078.5,0,0,1,0,0,0,0,0,0,0,0
2079.5,0,0,1,1,0,0,0,0,0,0,0
2080.5,0,0,0,1,0,1,0,0,0,0,0
2081.5,0,0,5,0,0,0,0,0,0,0,0
2082.5,0,0,1,0,0,0,0,0,0,0,0
2084.5,0,0,1,0,0,0,0,0,0,0,0
2085.5,0,1,0,0,0,0,0,0,0,0,0
2086.5,0,0,2,1,0,0,0,0,0,0,0
2087.5,1,0,3,0,0,0,0,0,0,0,0
2088.5,1,0,0,0,0,0,0,0,0,0,0
2091.5,0,0,1,1,0,0,0,0,0,0,0
2092.5,0,0,1,0,0,0,0,1,0,0,0
2093.5,0,0,1,0,0,0,0,0,0,0,0
2094.5,0,0,0,0,0,0,0,0,0,2,0
2095.5,0,0,1,0,0,0,0,0,0,0,0
2096.5,0,0,0,0,0,0,0,3,0,0,0
2097.5,0,0,1,0,0,0,0,4,0,0,0
2098.5,0,0,0,0,0,0,0,1,0,1,0
2099.5,0,0,0,1,0,0,0,2,0,0,0
2100.5,0,0,3,0,0,0,0,2,0,0,0
2101.5,0,0,1,0,0,0,0,2,0,0,0
2102.5,0,0,1,0,0,0,0,6,0,0,0
2103.5,0,0,1,0,0,0,0,6,0,0,0
2105.5,0,0,1,0,0,0,0,0,0,0,0
2109.5,1,0,0,1,0,0,0,0,0,0,0
2110.5,0,0,2,0,0,0,0,0,0,0,0
2111.5,0,0,0,0,0,1,0,0,0,0,0
2112.5,0,0,2,0,0,0,0,0,0,0,0
2113.5,0,0,1,0,0,0,0,0,0,0,0
2115.5,0,0,1,0,0,0,0,0,0,0,0
2118.5,0,0,0,1,0,0,0,0,0,0,0
2119.5,0,0,2,0,0,0,0,0,0,0,0
2121.5,1,0,1,0,0,0,0,0,0,0,0
2122.5,0,0,2,0,0,0,0,0,0,0,0
2123.5,0,1,1,0,0,0,0,0,0,0,0
2124.5,0,0,1,0,0,0,0,0,0,0,0
2125.5,0,0,0,0,0,1,0,0,0,0,0
2127.5,0,0,1,0,0,0,0,0,0,1,0
2128.5,0,0,1,0,0,0,0,0,0,0,0
2129.5,0,0,1,1,0,0,0,0,0,0,0
2130.5,0,0,1,0,0,0,0,0,0,0,0
2132.5,0,0,0,0,0,1,0,0,0,0,0
2133.5,0,0,2,0,0,0,0,0,0,0,0
2135.5,0,0,2,0,0,0,0,0,0,0,0
2136.5,0,0,3,0,0,0,0,0,0,0,0
2137.5,0,1,0,0,0,0,0,0,0,0,0
2138.5,0,0,1,0,0,0,0,0,0,0,0
2139.5,0,0,3,0,0,0,0,0,0,1,0
2140.5,0,0,2,0,0,0,0,0,0,0,0
2141.5,0,0,2,0,0,0,0,0,0,0,0
2142.5,0,0,0,1,0,0,0,0,0,0,0
2143.5,0,0,0,0,0,0,0,0,0,1,0
2144.5,0,0,2,0,0,0,0,0,0,0,0
2145.5,1,0,0,0,0,0,0,0,0,0,0
2146.5,0,0,1,1,0,0,0,0,0,0,0
2147.5,0,0,2,0,0,0,0,0,0,0,0
2148.5,0,0,0,1,0,0,0,0,0,0,0
2149.5,0,0,1,0,0,1,0,0,0,0,0
2150.5,0,0,1,0,0,0,0,0,0,0,0
2151.5,0,0,1,0,0,0,0,0,0,1,0
2153.5,0,0,1,0,0,0,0,0,0,0,0
2154.5,0,0,1,1,0,0,0,0,0,0,0
2155.5,0,0,1,0,0,0,0,0,0,0,0
2156.5,0,0,4,0,0,0,0,0,0,0,0
2157.5,0,0,1,0,0,0,0,0,0,0,0
2159.5,0,0,2,0,0,0,0,0,0,0,0
2160.5,0,0,1,0,0,0,0,0,0,0,0
2161.5,0,0,1,0,0,1,0,0,0,0,0
2163.5,0,0,2,0,1,0,0,0,0,0,0
2166.5,0,0,1,0,0,0,0,0,0,0,0
2167.5,0,1,1,0,0,0,0,0,0,0,0
2168.5,0,0,2,0,0,0,0,0,0,0,0
2169.5,0,1,2,0,0,0,0,0,0,0,0
2173.5,0,0,2,1,0,0,0,0,0,0,0
2174.5,0,0,1,0,0,0,0,0,0,0,0
2175.5,0,0,1,1,0,0,0,0,0,0,0
2176.5,1,0,0,2,0,0,0,0,0,0,0
2177.5,0,0,1,0,0,0,0,0,0,0,0
2180.5,0,0,3,0,0,0,0,0,0,0,0
2181.5,0,0,1,0,0,0,0,0,0,0,0
2182.5,0,0,1,1,0,0,0,0,0,0,0
2184.5,0,1,0,0,0,0,0,0,0,0,0
2185.5,0,0,2,0,0,0,0,0,0,0,0
2186.5,0,0,1,0,0,0,0,0,0,0,0
2190.5,0,0,2,0,0,0,0,0,0,0,0
2191.5,0,0,1,0,0,0,0,0,0,0,0
2195.5,0,1,2,0,0,0,0,0,0,0,0
2197.5,0,0,2,0,0,0,0,0,0,0,0
2198.5,0,0,0,1,0,0,0,0,0,0,0
2199.5,0,1,1,0,0,0,0,1,0,0,0
2200.5,0,0,2,0,0,0,0,0,0,0,0
2201.5,0,0,0,1,0,0,0,0,0,0,0
2202.5,0,0,1,1,0,0,0,0,0,0,0
2203.5,0,0,0,1,0,0,0,0,0,0,0
2204.5,0,0,2,0,0,0,0,0,0,0,0
2206.5,0,0,1,0,0,0,0,0,0,0,0
2207.5,0,0,1,0,0,0,0,0,0,0,0
2209.5,0,0,3,0,0,1,0,0,0,0,0
2211.5,0,0,0,0,0,1,0,0,0,0,0
2212.5,0,0,1,0,0,0,0,0,0,0,0
2213.5,0,0,1,0,0,0,0,0,0,0,0
2214.5,0,0,0,2,0,0,0,0,0,0,0
2215.5,0,0,1,0,0,0,0,0,0,0,0
2216.5,0,0,2,0,0,0,0,0,0,0,0
2217.5,1,0,0,1,0,0,0,1,0,0,0
2218.5,0,0,1,0,0,0,0,0,0,0,0
2219.5,0,0,1,0,0,0,0,0,0,0,0
2221.5,0,0,2,0,0,0,0,0,0,0,0
2222.5,0,0,1,0,0,0,0,0,0,0,0
2223.5,0,1,0,0,0,0,0,0,0,0,0
2224.5,0,0,4,0,0,0,0,0,0,0,0
2226.5,0,1,1,1,0,0,0,0,0,0,0
2227.5,0,1,2,0,0,0,0,0,0,0,0
2228.5,0,0,1,0,0,0,0,0,0,0,0
2230.5,0,1,0,0,0,1,0,0,0,0,0
2231.5,0,0,1,0,0,0,0,0,0,0,0
2232.5,0,1,1,0,0,0,0,0,0,0,0
2234.5,0,0,1,0,0,0,0,0,0,0,0
2237.5,0,0,2,1,0,0,0,0,0,1,0
2239.5,0,0,0,2,0,0,0,0,0,0,0
2240.5,0,0,2,0,0,0,0,0,0,0,0
2242.5,0,0,1,0,0,0,0,0,0,0,0
2243.5,0,0,1,0,0,0,0,0,0,0,0
2244.5,0,0,1,0,0,1,0,0,0,0,0
2245.5,0,0,3,0,0,0,0,0,0,0,0
2246.5,0,0,1,0,0,1,0,0,0,0,0
2247.5,0,0,1,0,0,0,0,0,0,0,0
2250.5,0,0,2,0,0,0,0,0,0,0,0
2251.5,0,0,1,0,0,0,0,0,0,0,0
2253.5,0,0,1,0,0,0,0,0,0,0,0
2254.5,0,0,0,1,0,0,0,0,0,0,0
2256.5,0,0,0,2,0,0,0,0,0,0,0
2257.5,0,0,1,0,0,0,0,0,0,0,0
2258.5,0,0,1,0,1,0,0,0,0,0,0
2261.5,0,0,1,0,0,0,0,0,0,0,0
2262.5,0,0,2,0,0,0,0,0,0,0,0
2264.5,0,1,1,0,0,0,0,0,0,0,0
2266.5,0,0,1,0,0,0,0,0,0,0,0
2267.5,0,0,0,1,0,0,0,0,0,0,0
2269.5,0,0,1,0,0,0,0,0,0,0,0
2270.5,0,0,1,1,0,0,0,0,0,0,0
2275.5,0,0,0,1,0,0,0,0,0,0,0
2276.5,0,0,1,0,0,0,0,0,0,0,0
2277.5,0,1,2,0,0,0,0,0,0,0,0
2279.5,0,0,1,0,0,0,0,0,0,0,0
2281.5,0,0,2,0,0,0,0,0,0,0,0
2283.5,0,0,1,0,0,0,0,0,0,0,0
2284.5,0,0,2,0,0,0,0,0,0,0,0
2285.5,0,0,1,0,0,0,0,0,0,0,0
2286.5,0,0,0,0,0,0,0,0,0,1,0
2287.5,0,0,1,0,0,1,0,0,0,0,0
2288.5,0,0,1,0,0,0,0,0,0,0,0
2289.5,0,0,1,0,0,0,0,0,0,0,0
2290.5,0,1,2,0,0,0,0,0,0,0,0
2291.5,0,0,3,0,0,0,0,0,0,0,0
2292.5,0,0,1,1,0,0,0,0,0,0,0
2293.5,0,0,1,0,0,0,0,0,0,0,0
2294.5,0,1,1,0,0,0,0,0,0,0,0
2295.5,0,0,1,0,0,0,0,0,0,0,0
2296.5,0,0,2,0,0,0,0,0,0,0,0
2297.5,0,0,2,0,0,0,0,0,0,0,0
2298.5,0,0,1,2,0,1,0,0,0,0,0
2299.5,0,0,4,0,0,0,0,0,0,0,0
2300.5,0,0,2,0,0,0,0,0,0,0,0
2301.5,0,0,0,0,0,1,0,0,0,0,0
2302.5,0,0,0,1,0,0,0,0,0,0,0
2306.5,0,0,0,0,0,1,0,0,0,0,0
2308.5,0,0,3,0,0,0,0,0,0,0,0
2309.5,0,0,2,1,0,0,0,0,0,0,0
2311.5,0,0,1,0,0,0,0,0,0,1,0
2312.5,0,0,1,0,0,0,0,0,0,0,0
2313.5,0,0,1,0,0,0,0,0,0,0,0
2315.5,0,0,0,1,0,0,0,0,0,0,0
2316.5,0,1,1,0,0,0,0,0,0,0,0
2317.5,0,0,1,0,0,0,0,0,0,0,0
2318.5,0,0,1,0,0,0,0,0,0,0,0
2319.5,0,0,4,0,0,0,0,0,0,0,0
2321.5,0,1,0,0,0,0,0,0,0,0,0
2322.5,0,0,1,1,0,0,0,0,0,0,0
2323.5,0,0,2,0,0,0,0,0,0,0,0
2325.5,0,0,3,0,0,0,0,0,0,0,0
2326.5,0,0,2,0,0,0,0,0,0,0,0
2328.5,0,0,1,0,0,0,0,0,0,0,0
2329.5,0,0,1,1,0,0,0,0,0,0,0
2330.5,0,0,2,0,0,0,0,0,0,0,0
2332.5,0,0,2,0,0,0,0,0,0,0,0
2333.5,0,0,2,0,0,0,0,0,0,0,0
2334.5,0,0,1,0,0,0,0,0,0,0,0
2335.5,0,0,2,0,0,0,0,0,0,0,0
2336.5,0,0,2,1,0,0,0,0,0,0,0
2337.5,0,0,4,0,0,0,0,0,0,0,0
2338.5,0,0,1,0,0,0,0,0,0,0,0
2339.5,0,0,1,0,0,0,0,0,0,0,0
2340.5,0,0,1,0,0,0,0,0,0,0,0
2342.5,0,0,1,0,0,0,0,0,0,0,0
2343.5,0,0,0,1,0,1,0,0,0,0,0
2344.5,0,0,1,0,0,0,0,0,0,0,0
2347.5,0,0,2,1,0,0,0,0,0,0,0
2350.5,0,0,1,1,0,0,0,0,0,0,0
2352.5,0,0,3,0,0,0,0,0,0,0,0
2353.5,0,0,3,0,0,0,0,0,0,0,0
2354.5,0,0,1,0,0,0,0,0,0,0,0
2355.5,0,0,1,0,0,0,0,0,0,0,0
2356.5,0,0,1,1,0,0,0,0,0,0,0
2358.5,0,0,1,0,0,0,0,0,0,0,0
2360.5,0,0,1,0,0,0,0,0,0,0,0
2361.5,0,0,0,0,0,1,0,0,0,0,0
2363.5,0,0,0,1,0,0,0,0,0,0,0
2364.5,0,0,0,1,0,0,0,0,0,0,0
2365.5,0,0,0,1,0,0,0,0,0,0,0
2366.5,0,1,2,0,0,0,0,0,0,0,0
2367.5,0,0,3,0,0,0,0,0,0,0,0
2368.5,0,0,2,0,0,0,0,0,0,0,0
2370.5,0,0,0,0,0,1,0,0,0,0,0
2371.5,1,0,2,0,0,0,0,0,0,0,0
2372.5,0,0,1,0,0,0,0,0,0,0,0
2374.5,0,0,1,0,0,0,0,0,0,0,0
2375.5,0,0,0,1,0,0,0,0,0,0,0
2376.5,0,0,1,0,0,0,0,0,0,0,0
2378.5,0,0,2,0,0,0,0,0,0,0,0
2379.5,0,0,0,1,0,0,0,0,0,0,0
2382.5,0,1,0,0,0,0,0,0,0,0,0
2383.5,0,0,0,1,0,0,0,0,0,0,0
2385.5,0,0,0,0,0,1,0,0,0,0,0
2386.5,0,0,1,0,0,0,0,0,0,0,0
2388.5,0,0,1,1,0,0,0,0,0,0,0
2390.5,0,0,0,2,0,0,0,0,0,0,0
2392.5,0,0,0,1,0,0,0,0,0,0,0
2393.5,0,0,0,1,0,1,0,0,0,0,0
2394.5,0,0,0,0,0,1,0,0,0,0,0
2400.5,0,0,0,1,0,0,0,0,0,0,0
2403.5,0,0,0,1,0,0,0,0,0,0,0
2405.5,0,0,0,1,0,0,0,0,0,0,0
2406.5,0,1,0,0,0,0,0,0,0,0,0
2408.5,0,0,1,0,0,0,0,0,0,0,0
2412.5,0,0,0,1,0,0,0,0,0,0,0
2416.5,0,0,0,0,0,1,0,0,0,0,0
2420.5,0,0,0,1,0,0,0,0,0,0,0
2428.5,0,0,1,0,0,0,0,0,0,0,0
2433.5,0,0,0,1,0,0,0,0,0,0,0
2439.5,0,1,0,0,0,0,0,0,0,0,0
2446.5,0,0,0,1,0,0,0,0,0,0,0
2457.5,0,0,0,1,0,0,0,0,0,0,0
2485.5,0,0,0,0,0,1,0,0,0,0,0
2509.5,0,0,0,0,0,1,0,0,0,0,0
2521.5,0,0,0,0,1,0,0,0,0,0,0
2524.5,0,0,0,0,0,1,0,0,0,0,0
2532.5,0,1,0,0,0,0,0,0,0,0,0
2560.5,0,1,0,0,0,0,0,0,0,0,0
2569.5,0,0,0,0,0,1,0,0,0,0,0
2573.5,0,1,0,0,0,0,0,0,0,0,0
2574.5,0,1,0,0,0,0,0,0,0,0,0
2577.5,0,0,0,0,1,0,0,0,0,0,0
2579.5,0,0,0,0,1,0,0,0,0,0,0
2585.5,0,0,0,0,1,0,0,0,0,0,0
2605.5,1,0,0,0,0,0,0,0,0,0,0
2607.5,1,2,0,0,0,0,0,0,0,0,0
2608.5,1,5,0,0,0,0,0,0,0,0,0
2609.5,1,5,0,0,0,0,0,0,0,0,0
2610.5,5,5,0,0,0,0,0,0,0,0,0
2611.5,0,3,0,0,0,0,1,0,0,0,0
2612.5,1,7,0,0,0,0,0,0,0,0,0
2613.5,9,11,0,0,0,0,0,0,0,0,0
2614.5,5,13,0,0,0,0,1,0,0,0,0
